id,gw,ep_next,chance_next,status,penalties_order
1,1,4.00,,a,
2,1,2.60,,a,
3,1,2.60,,a,
4,1,4.00,,a,
5,1,0.00,0.00,i,
6,1,0.00,0.00,i,
7,1,2.00,,a,
8,1,2.60,,a,
9,1,2.40,,a,
10,1,2.50,100.00,a,
11,1,2.50,,a,
12,1,3.20,,a,1.00
13,1,2.60,,a,
14,1,2.30,,a,
15,1,2.30,,a,3.00
16,1,2.30,,a,
17,1,2.20,,a,
18,1,2.30,,a,
19,1,2.00,,a,
20,1,1.90,,a,
21,1,0.00,0.00,i,
22,1,2.00,,a,
23,1,2.00,,a,
24,1,2.00,,a,
25,1,2.30,,a,2.00
26,1,2.40,,a,
27,1,2.00,,a,
28,1,2.60,,a,
29,1,1.90,,a,
30,1,0.00,0.00,u,
31,1,1.70,,a,
32,1,1.70,,a,
33,1,1.70,,a,
34,1,1.70,,a,
35,1,1.50,,a,
36,1,1.70,,a,
37,1,1.70,,a,
38,1,1.00,,a,
39,1,0.00,0.00,u,
40,1,2.60,,a,
41,1,2.20,,a,1.00
42,1,2.00,,a,
43,1,2.20,100.00,a,3.00
44,1,2.00,,a,
45,1,2.00,,a,
46,1,1.50,,a,
47,1,1.50,100.00,a,
48,1,0.00,0.00,i,
49,1,0.00,0.00,u,
50,1,1.00,,a,
51,1,1.00,,a,
52,1,1.50,,a,
53,1,0.00,0.00,i,
54,1,0.00,0.00,s,
55,1,2.40,,a,2.00
56,1,1.30,75.00,d,
57,1,1.90,,a,
58,1,1.00,,a,
59,1,0.00,0.00,u,
60,1,2.50,,a,
61,1,2.50,,a,
62,1,2.20,,a,
63,1,0.00,0.00,i,
64,1,1.70,,a,
65,1,0.00,0.00,i,
66,1,0.80,75.00,d,
67,1,2.30,,a,
68,1,2.20,,a,3.00
69,1,2.20,,a,
70,1,2.20,,a,2.00
71,1,1.50,,a,
72,1,1.50,,a,
73,1,1.50,100.00,a,
74,1,1.50,100.00,a,
75,1,1.50,100.00,a,
76,1,1.50,,a,
77,1,0.00,0.00,i,
78,1,0.00,0.00,i,1.00
79,1,2.00,,a,
80,1,0.00,0.00,u,
81,1,2.00,100.00,a,
82,1,2.60,,a,
83,1,1.90,,a,
84,1,2.50,,a,
85,1,0.00,0.00,i,
86,1,2.00,,a,
87,1,1.70,,a,
88,1,1.90,,a,
89,1,1.70,,a,
90,1,1.70,,a,
91,1,1.70,,a,
92,1,1.70,,a,
93,1,1.70,,a,
94,1,2.20,,a,2.00
95,1,2.30,,a,
96,1,2.00,,a,
97,1,2.00,,a,3.00
98,1,1.50,,a,
99,1,0.00,0.00,i,
100,1,1.50,100.00,a,
101,1,1.10,75.00,d,
102,1,1.50,,a,
103,1,1.50,,a,
104,1,1.50,,a,
105,1,2.20,,a,
106,1,2.50,,a,1.00
107,1,1.00,,a,
108,1,1.80,,a,
109,1,1.90,,a,
110,1,1.90,,a,
111,1,1.00,,a,
112,1,2.20,,a,
113,1,1.70,100.00,a,
114,1,1.70,,a,
115,1,1.90,,a,
116,1,1.70,,a,
117,1,1.70,,a,
118,1,1.70,,a,
119,1,1.70,,a,
120,1,2.20,,a,
121,1,0.00,0.00,i,
122,1,0.00,0.00,i,
123,1,1.60,75.00,d,
124,1,2.00,,a,1.00
125,1,1.30,75.00,d,
126,1,2.00,,a,3.00
127,1,1.50,,a,
128,1,0.00,0.00,u,
129,1,2.00,,a,
130,1,2.20,,a,
131,1,0.00,0.00,i,
132,1,0.00,0.00,u,
133,1,0.00,0.00,u,
134,1,1.00,,a,
135,1,1.50,,a,
136,1,2.00,100.00,a,
137,1,0.00,0.00,i,
138,1,1.80,,a,
139,1,0.00,0.00,i,
140,1,2.60,,a,
141,1,0.00,0.00,u,
142,1,2.50,,a,
143,1,0.00,0.00,u,
144,1,2.20,,a,
145,1,2.20,100.00,a,
146,1,0.00,0.00,u,
147,1,1.70,,a,
148,1,1.70,,a,
149,1,2.20,,a,
150,1,1.70,,a,
151,1,1.70,,a,
152,1,1.90,75.00,d,
153,1,1.70,,a,
154,1,3.20,100.00,a,1.00
155,1,2.50,,a,2.00
156,1,2.30,,a,
157,1,2.30,,a,3.00
158,1,2.20,,a,
159,1,1.50,75.00,d,
160,1,2.20,,a,
161,1,1.50,,a,
162,1,1.50,,a,
163,1,1.00,,a,
164,1,2.00,100.00,a,
165,1,2.40,,a,
166,1,2.10,,a,
167,1,1.80,,a,4.00
168,1,1.40,,a,
169,1,1.00,,a,
170,1,1.40,100.00,a,
171,1,1.00,,a,
172,1,1.90,,a,
173,1,1.00,,a,
174,1,1.00,,a,
175,1,1.00,,a,
176,1,1.00,,a,
177,1,0.00,0.00,i,
178,1,1.00,,a,
179,1,1.00,,a,
180,1,0.00,0.00,i,
181,1,1.00,,a,
182,1,1.00,,a,
183,1,1.50,100.00,a,
184,1,1.50,,a,3.00
185,1,1.50,,a,
186,1,2.00,100.00,a,
187,1,1.50,,a,
188,1,2.00,,a,2.00
189,1,1.00,,a,
190,1,2.00,,a,
191,1,1.00,,a,
192,1,1.00,,a,
193,1,0.00,0.00,i,1.00
194,1,1.40,,a,4.00
195,1,1.40,,a,
196,1,0.00,0.00,u,
197,1,0.00,0.00,u,
198,1,2.60,100.00,a,
199,1,1.90,,a,
200,1,2.80,,a,
201,1,2.50,,a,
202,1,2.20,,a,
203,1,2.20,,a,
204,1,1.70,,a,
205,1,1.70,,a,
206,1,0.00,0.00,i,
207,1,1.70,,a,
208,1,0.00,0.00,i,2.00
209,1,2.20,,a,
210,1,2.00,100.00,a,
211,1,2.00,,a,
212,1,1.00,,a,
213,1,1.50,,a,
214,1,1.50,,a,
215,1,1.50,,a,3.00
216,1,1.50,,a,
217,1,1.50,,a,
218,1,1.50,,a,
219,1,1.50,,a,
220,1,0.00,0.00,u,
221,1,1.00,,a,
222,1,2.00,,a,
223,1,2.10,,a,1.00
224,1,1.80,,a,
225,1,0.00,0.00,u,
226,1,3.30,,a,
227,1,2.60,,a,
228,1,1.90,,a,
229,1,2.80,,a,
230,1,2.50,,a,
231,1,2.20,,a,
232,1,2.20,,a,
233,1,1.70,,a,
234,1,1.70,,a,
235,1,1.00,,a,
236,1,2.30,,a,
237,1,2.20,,a,1.00
238,1,2.30,100.00,a,
239,1,2.20,100.00,a,3.00
240,1,0.00,0.00,i,
241,1,2.00,,a,
242,1,2.00,,a,
243,1,1.50,,a,
244,1,1.50,,a,
245,1,2.00,,a,
246,1,1.50,,a,
247,1,1.50,75.00,d,
248,1,1.80,,a,4.00
249,1,1.80,,a,2.00
250,1,1.90,,a,
251,1,1.00,,a,
252,1,1.00,,a,
253,1,2.20,100.00,a,
254,1,1.70,,a,2.00
255,1,1.70,,a,
256,1,1.70,,a,
257,1,1.70,,a,
258,1,1.70,,a,
259,1,1.00,,a,
260,1,2.30,,a,
261,1,2.00,,a,3.00
262,1,2.00,,a,
263,1,2.00,,a,
264,1,2.00,,a,
265,1,1.50,,a,
266,1,0.00,0.00,i,
267,1,1.50,,a,
268,1,2.00,,a,
269,1,1.70,,a,
270,1,1.00,,a,
271,1,1.80,,a,
272,1,1.00,,a,
273,1,1.00,,a,
274,1,0.00,0.00,i,
275,1,0.00,0.00,u,
276,1,0.00,0.00,u,
277,1,1.00,,a,
278,1,0.00,0.00,i,
279,1,1.00,100.00,a,
280,1,1.00,100.00,a,
281,1,1.00,100.00,a,
282,1,1.00,,a,
283,1,0.00,0.00,i,
284,1,1.00,,a,
285,1,1.00,,a,
286,1,1.50,,a,
287,1,1.50,,a,
288,1,1.00,,a,
289,1,1.00,,a,
290,1,1.00,,a,
291,1,0.00,0.00,i,
292,1,1.50,,a,
293,1,0.00,0.00,u,
294,1,0.00,0.00,i,
295,1,1.80,,a,1.00
296,1,1.50,,a,
297,1,0.00,0.00,i,
298,1,0.00,0.00,u,
299,1,0.00,0.00,u,
300,1,1.90,,a,
301,1,1.00,,a,
302,1,1.00,,a,
303,1,1.00,,a,
304,1,1.00,,a,
305,1,1.00,,a,
306,1,1.00,,a,
307,1,1.00,,a,
308,1,1.00,,a,
309,1,1.50,,a,
310,1,0.00,0.00,i,
311,1,0.00,0.00,u,
312,1,0.00,0.00,i,
313,1,2.00,,a,1.00
314,1,1.50,,a,
315,1,2.00,,a,
316,1,1.80,,a,2.00
317,1,0.00,0.00,u,
318,1,0.00,0.00,i,3.00
319,1,0.00,0.00,u,
320,1,1.40,,a,
321,1,1.00,,a,
322,1,0.00,0.00,u,
323,1,1.00,,a,
324,1,1.50,,a,
325,1,1.90,100.00,a,
326,1,1.90,,a,
327,1,2.20,,a,
328,1,2.20,100.00,a,
329,1,1.70,,a,
330,1,1.70,,a,
331,1,0.00,0.00,i,
332,1,1.70,,a,
333,1,0.00,0.00,u,
334,1,2.20,,a,
335,1,2.20,,a,
336,1,2.20,,a,
337,1,2.00,,a,
338,1,2.00,,a,
339,1,1.50,,a,
340,1,0.00,0.00,i,
341,1,0.00,0.00,i,
342,1,0.00,0.00,u,
343,1,1.50,,a,
344,1,0.00,0.00,i,
345,1,1.50,,a,
346,1,2.00,,a,1.00
347,1,1.80,,a,2.00
348,1,0.00,0.00,u,3.00
349,1,0.00,0.00,i,
350,1,3.30,,a,
351,1,2.60,,a,
352,1,1.00,,a,
353,1,0.00,0.00,u,
354,1,0.00,0.00,i,
355,1,1.00,,a,
356,1,3.10,,a,
357,1,2.50,,a,
358,1,2.50,,a,
359,1,0.00,0.00,i,
360,1,0.00,0.00,i,
361,1,1.00,,a,
362,1,2.20,100.00,a,
363,1,0.00,0.00,i,
364,1,2.20,,a,
365,1,0.00,0.00,u,
366,1,2.60,,a,4.00
367,1,2.50,,a,3.00
368,1,2.50,,a,1.00
369,1,2.20,,a,
370,1,0.00,0.00,i,
371,1,2.20,,a,
372,1,2.00,,a,5.00
373,1,1.50,75.00,d,
374,1,1.50,100.00,a,
375,1,1.50,,a,
376,1,0.00,0.00,i,
377,1,2.30,,a,
378,1,1.00,,a,
379,1,2.70,,a,2.00
380,1,0.00,0.00,i,
381,1,1.50,,a,
382,1,0.00,0.00,i,
383,1,2.00,,a,
384,1,3.30,,a,
385,1,2.60,,a,
386,1,1.90,,a,
387,1,3.10,,a,
388,1,2.80,,a,
389,1,2.10,75.00,d,5.00
390,1,2.50,,a,
391,1,2.50,,a,
392,1,2.50,,a,
393,1,2.50,,a,
394,1,0.00,0.00,u,
395,1,1.70,,a,
396,1,1.70,,a,
397,1,2.90,,a,3.00
398,1,2.50,,a,
399,1,2.60,,a,
400,1,0.00,0.00,i,4.00
401,1,2.20,,a,2.00
402,1,0.00,0.00,u,
403,1,2.30,,a,
404,1,0.00,0.00,u,
405,1,2.00,,a,
406,1,2.00,,a,
407,1,1.50,,a,
408,1,0.00,0.00,u,
409,1,1.00,,a,
410,1,1.50,,a,
411,1,4.00,,a,1.00
412,1,2.60,,a,
413,1,0.00,0.00,u,
414,1,0.00,0.00,i,
415,1,2.20,,a,
416,1,0.00,0.00,i,
417,1,2.20,,a,
418,1,2.20,,a,
419,1,2.20,100.00,a,
420,1,2.20,,a,
421,1,1.70,,a,
422,1,1.70,,a,
423,1,1.70,,a,
424,1,1.00,,a,
425,1,0.00,0.00,u,
426,1,4.00,,a,1.00
427,1,2.80,,a,2.00
428,1,2.80,,a,
429,1,2.50,,a,
430,1,1.50,75.00,d,
431,1,1.60,75.00,d,
432,1,2.00,,a,
433,1,0.00,0.00,i,
434,1,1.50,,a,
435,1,1.50,,a,
436,1,1.50,,a,
437,1,1.00,,a,
438,1,1.00,,a,
439,1,2.20,100.00,a,
440,1,1.80,,a,
441,1,1.00,,a,
442,1,2.60,,a,
443,1,1.90,,a,
444,1,1.90,,a,
445,1,2.20,,a,
446,1,2.20,100.00,a,
447,1,2.20,,a,
448,1,0.00,0.00,i,
449,1,2.20,,a,
450,1,0.00,0.00,i,
451,1,0.00,0.00,u,
452,1,1.80,75.00,d,4.00
453,1,2.20,,a,
454,1,2.20,,a,
455,1,2.00,,a,
456,1,1.50,,a,
457,1,2.20,,a,
458,1,0.00,0.00,i,
459,1,2.00,100.00,a,
460,1,1.50,,a,
461,1,2.20,,a,
462,1,1.50,,a,
463,1,2.00,,a,1.00
464,1,2.00,,a,3.00
465,1,0.00,0.00,i,2.00
466,1,1.00,,a,
467,1,2.60,,a,
468,1,1.90,,a,
469,1,2.20,,a,
470,1,2.20,,a,
471,1,2.50,,a,
472,1,2.50,100.00,a,
473,1,1.70,,a,
474,1,1.70,,a,
475,1,0.00,0.00,i,
476,1,1.00,,a,
477,1,1.00,,a,
478,1,1.70,,a,
479,1,1.00,,a,
480,1,2.10,75.00,d,2.00
481,1,2.30,100.00,a,
482,1,2.20,100.00,a,
483,1,2.00,,a,
484,1,2.00,,a,
485,1,0.00,0.00,u,
486,1,2.00,,a,
487,1,1.50,,a,
488,1,1.50,,a,
489,1,0.00,0.00,i,
490,1,2.00,,a,1.00
491,1,2.00,,a,3.00
492,1,1.80,,a,5.00
493,1,1.80,,a,
494,1,0.00,0.00,u,
495,1,1.00,,a,
496,1,1.90,,a,
497,1,1.00,,a,
498,1,2.80,,a,
499,1,2.50,100.00,a,
500,1,0.00,0.00,u,
501,1,2.20,,a,
502,1,1.70,,a,
503,1,2.20,100.00,a,
504,1,2.20,,a,
505,1,0.00,0.00,u,
506,1,1.70,,a,
507,1,0.00,0.00,u,
508,1,1.00,,a,
509,1,1.00,,a,
510,1,1.00,,a,
511,1,1.00,,a,
512,1,1.10,50.00,d,2.00
513,1,0.00,0.00,i,3.00
514,1,2.20,,a,
515,1,1.70,75.00,d,
516,1,2.00,,a,
517,1,0.00,0.00,i,
518,1,0.00,0.00,i,
519,1,2.00,,a,
520,1,2.00,,a,
521,1,0.00,0.00,i,
522,1,1.50,,a,
523,1,1.50,,a,
524,1,1.00,,a,
525,1,2.20,,a,
526,1,2.00,,a,1.00
527,1,2.00,,a,4.00
528,1,1.00,,a,
529,1,2.60,,a,
530,1,0.00,0.00,u,
531,1,1.90,,a,
532,1,2.20,,a,
533,1,2.50,100.00,a,
534,1,1.70,,a,
535,1,2.20,100.00,a,
536,1,1.70,,a,
537,1,1.70,,a,
538,1,0.00,0.00,u,
539,1,1.00,,a,
540,1,0.00,0.00,u,
541,1,1.70,100.00,a,
542,1,2.20,,a,2.00
543,1,2.00,,a,1.00
544,1,2.00,,a,
545,1,1.50,,a,
546,1,0.00,0.00,i,
547,1,1.50,,a,
548,1,1.50,,a,
549,1,2.00,,a,
550,1,1.50,,a,
551,1,1.50,,a,
552,1,2.00,,a,
553,1,1.80,,a,
554,1,0.00,0.00,u,
555,1,1.00,,a,
556,1,1.00,,a,
557,1,2.30,,a,
558,1,1.50,,a,
559,1,1.50,,a,
560,1,1.90,,a,
561,1,1.70,100.00,a,
562,1,2.00,,a,
563,1,1.50,100.00,a,
564,1,1.90,,a,
565,1,2.00,,a,
566,1,2.20,,a,
567,1,2.60,,a,
568,1,2.00,,a,
569,1,2.00,,a,1.00
570,1,2.00,,a,
571,1,1.10,75.00,d,
572,1,1.90,,a,
573,1,1.70,,a,
574,1,1.50,,a,
575,1,1.50,,a,
576,1,1.50,,a,
577,1,1.70,,a,
578,1,2.00,,a,
579,1,2.50,,a,
580,1,1.50,,a,
581,1,2.50,,a,
582,1,0.00,0.00,i,
583,1,2.20,,a,
584,1,2.00,,a,
585,1,1.00,,a,
586,1,1.00,100.00,a,
587,1,2.60,,a,
588,1,2.20,,a,
589,1,1.50,,a,
590,1,1.90,,a,
591,1,2.00,100.00,a,
592,1,1.00,,a,
593,1,1.70,,a,
594,1,2.00,,a,2.00
595,1,1.50,,a,
596,1,1.70,,a,
597,1,2.60,,a,
598,1,1.70,,a,
599,1,1.40,,a,
600,1,1.50,,a,
601,1,1.00,,a,
602,1,1.00,,a,
603,1,1.00,,a,
604,1,1.00,,a,
605,1,1.00,,a,
606,1,1.00,,a,
607,1,1.00,,a,
608,1,1.40,,a,
609,1,1.00,,a,
610,1,1.00,,a,
611,1,1.70,,a,
612,1,1.70,,a,
613,1,1.00,,a,
614,1,1.70,,a,
615,1,1.90,,a,
616,1,2.00,,a,
1,2,6.00,,a,
2,2,0.00,,a,
3,2,0.00,,a,
4,2,6.50,,a,
5,2,0.00,25.00,d,
6,2,0.00,0.00,i,
7,2,3.00,,a,
8,2,10.00,,a,
9,2,0.50,,a,
10,2,9.00,100.00,a,
11,2,4.50,75.00,d,
12,2,10.00,,a,1.00
13,2,4.00,,a,
14,2,1.00,,a,
15,2,7.00,,a,3.00
16,2,0.50,,a,
17,2,1.00,,a,
18,2,0.00,0.00,u,
19,2,1.00,,a,
20,2,0.00,,a,
21,2,0.00,0.00,i,
22,2,0.00,0.00,u,
23,2,0.00,0.00,u,
24,2,0.00,0.00,u,
25,2,0.00,,a,2.00
26,2,4.00,,a,
27,2,0.00,0.00,u,
28,2,1.00,,a,
29,2,0.50,,a,
30,2,0.00,0.00,u,
31,2,0.50,,a,
32,2,0.50,,a,
33,2,0.50,,a,
34,2,1.00,,a,
35,2,0.50,,a,
36,2,0.50,,a,
37,2,0.00,,a,
38,2,0.00,,a,
39,2,0.00,0.00,u,
40,2,6.50,,a,
41,2,2.00,,a,1.00
42,2,1.00,,a,
43,2,3.00,100.00,a,3.00
44,2,0.00,0.00,u,
45,2,1.00,,a,
46,2,2.00,,a,
47,2,2.00,100.00,a,
48,2,0.00,0.00,i,
49,2,0.00,0.00,u,
50,2,0.00,,a,
51,2,2.00,,a,
52,2,0.50,,a,
53,2,0.00,0.00,i,
54,2,0.00,0.00,s,
55,2,0.00,0.00,u,2.00
56,2,0.50,100.00,a,
57,2,2.50,,a,
58,2,0.00,,a,
59,2,0.00,0.00,u,
60,2,2.50,,a,
61,2,2.50,,a,
62,2,0.00,,a,
63,2,0.00,0.00,i,
64,2,1.00,,a,
65,2,0.00,0.00,i,
66,2,0.00,100.00,a,
67,2,2.00,,a,
68,2,5.50,,a,3.00
69,2,7.00,,a,
70,2,3.00,,a,2.00
71,2,3.00,,a,
72,2,0.50,,a,
73,2,1.00,100.00,a,
74,2,0.50,100.00,a,
75,2,0.50,100.00,a,
76,2,0.50,,a,
77,2,0.00,0.00,i,
78,2,0.00,0.00,i,1.00
79,2,4.50,,a,
80,2,0.00,0.00,u,
81,2,0.50,100.00,a,
82,2,4.50,,a,
83,2,0.00,,a,
84,2,4.50,,a,
85,2,0.00,0.00,i,
86,2,8.00,,a,
87,2,5.50,,a,
88,2,7.50,,a,
89,2,0.50,,a,
90,2,1.00,,a,
91,2,0.50,,a,
92,2,0.00,,a,
93,2,0.00,,a,
94,2,6.50,,a,2.00
95,2,2.00,,a,
96,2,2.00,,a,
97,2,0.00,0.00,i,3.00
98,2,5.00,,a,
99,2,0.00,0.00,i,
100,2,0.00,100.00,a,
101,2,0.00,75.00,d,
102,2,1.00,,a,
103,2,0.00,0.00,i,
104,2,1.00,,a,
105,2,1.50,,a,
106,2,1.00,,a,1.00
107,2,0.00,,a,
108,2,1.00,,a,
109,2,3.00,,a,
110,2,1.50,,a,
111,2,0.00,,a,
112,2,1.00,,a,
113,2,0.00,100.00,a,
114,2,2.50,,a,
115,2,8.50,,a,
116,2,2.50,,a,
117,2,0.00,,a,
118,2,0.00,0.00,u,
119,2,0.50,,a,
120,2,0.00,,a,
121,2,0.00,0.00,i,
122,2,0.00,0.00,i,
123,2,4.00,50.00,d,
124,2,7.50,,a,1.00
125,2,1.90,75.00,d,
126,2,0.00,,a,3.00
127,2,5.50,,a,
128,2,0.00,0.00,u,
129,2,0.80,75.00,d,
130,2,0.00,0.00,i,
131,2,0.00,0.00,i,
132,2,0.00,0.00,u,
133,2,0.00,0.00,u,
134,2,0.00,,a,
135,2,0.50,,a,
136,2,0.00,100.00,a,
137,2,0.00,0.00,i,
138,2,3.00,,a,
139,2,0.00,0.00,i,
140,2,0.00,0.00,u,
141,2,0.00,0.00,u,
142,2,0.50,,a,
143,2,0.00,0.00,u,
144,2,1.00,,a,
145,2,0.00,100.00,a,
146,2,0.00,0.00,u,
147,2,0.00,,a,
148,2,2.50,,a,
149,2,0.50,,a,
150,2,0.00,0.00,u,
151,2,2.00,,a,
152,2,0.00,75.00,d,
153,2,0.50,,a,
154,2,10.00,100.00,a,1.00
155,2,0.50,,a,
156,2,4.00,,a,
157,2,0.50,,a,3.00
158,2,0.00,,a,
159,2,0.40,75.00,d,
160,2,1.00,,a,
161,2,4.00,,a,
162,2,1.50,,a,
163,2,0.00,0.00,u,
164,2,0.50,100.00,a,
165,2,10.00,,a,
166,2,1.00,,a,
167,2,0.50,,a,3.00
168,2,0.00,0.00,u,
169,2,0.00,,a,
170,2,0.00,100.00,a,
171,2,0.00,0.00,u,
172,2,0.00,,a,
173,2,5.50,,a,
174,2,0.00,0.00,u,
175,2,1.50,,a,
176,2,1.50,,a,
177,2,0.00,0.00,i,
178,2,0.00,,a,
179,2,0.00,,a,
180,2,0.00,0.00,i,
181,2,0.00,0.00,u,
182,2,1.00,,a,
183,2,2.00,100.00,a,
184,2,2.00,,a,3.00
185,2,0.50,,a,
186,2,0.50,100.00,a,
187,2,0.00,,a,
188,2,1.00,,a,2.00
189,2,0.00,,a,
190,2,1.50,,a,
191,2,0.00,0.00,u,
192,2,0.00,0.00,u,
193,2,0.00,0.00,i,1.00
194,2,1.50,,a,4.00
195,2,1.00,,a,
196,2,0.00,0.00,u,
197,2,0.00,0.00,u,
198,2,1.50,100.00,a,
199,2,0.00,,a,
200,2,3.50,,a,
201,2,0.00,,a,
202,2,1.50,,a,
203,2,0.50,,a,
204,2,0.50,,a,
205,2,0.00,0.00,u,
206,2,0.00,0.00,i,
207,2,0.50,,a,
208,2,0.00,0.00,i,2.00
209,2,1.00,,a,
210,2,3.00,100.00,a,
211,2,3.00,,a,
212,2,0.00,,a,
213,2,0.00,,a,
214,2,2.50,,a,
215,2,0.00,0.00,u,3.00
216,2,0.00,0.00,u,
217,2,0.00,,a,
218,2,0.00,,a,
219,2,0.00,,a,
220,2,0.00,0.00,u,
221,2,0.00,,a,
222,2,1.50,,a,
223,2,0.00,0.00,i,1.00
224,2,1.50,,a,
225,2,0.00,0.00,u,
226,2,5.00,,a,
227,2,0.00,,a,
228,2,0.00,,a,
229,2,9.00,,a,
230,2,5.00,,a,
231,2,0.00,,a,
232,2,0.00,,a,
233,2,5.00,,a,
234,2,0.00,0.00,u,
235,2,0.00,0.00,u,
236,2,6.50,,a,
237,2,6.50,,a,
238,2,0.50,100.00,a,
239,2,1.00,100.00,a,3.00
240,2,0.50,100.00,a,
241,2,1.50,,a,
242,2,2.50,,a,
243,2,0.50,,a,
244,2,5.00,,a,
245,2,0.00,,a,
246,2,2.50,,a,
247,2,2.00,100.00,a,
248,2,0.00,0.00,u,4.00
249,2,5.00,,a,2.00
250,2,2.50,,a,
251,2,0.00,,a,
252,2,0.00,0.00,u,
253,2,0.50,100.00,a,
254,2,1.50,,a,2.00
255,2,1.50,,a,
256,2,0.00,,a,
257,2,1.00,,a,
258,2,6.00,,a,
259,2,2.00,,a,
260,2,2.00,,a,
261,2,2.00,,a,3.00
262,2,0.50,,a,
263,2,1.00,,a,
264,2,2.50,,a,
265,2,2.00,,a,
266,2,0.00,0.00,i,
267,2,3.00,,a,
268,2,4.50,,a,
269,2,1.00,,a,
270,2,0.00,,a,
271,2,0.50,,a,
272,2,0.00,,a,
273,2,0.00,,a,
274,2,0.00,0.00,i,
275,2,0.00,0.00,u,
276,2,0.00,0.00,u,
277,2,8.50,,a,
278,2,0.00,0.00,i,
279,2,10.00,100.00,a,
280,2,2.20,75.00,d,
281,2,0.00,0.00,u,
282,2,6.00,,a,
283,2,0.00,0.00,u,
284,2,0.00,,a,
285,2,0.50,,a,
286,2,4.50,,a,
287,2,0.00,0.00,u,
288,2,0.00,,a,
289,2,0.80,75.00,d,
290,2,4.00,,a,
291,2,0.00,0.00,i,
292,2,0.00,,a,
293,2,0.00,0.00,u,
294,2,0.00,0.00,i,
295,2,3.00,,a,1.00
296,2,0.00,,a,
297,2,0.00,0.00,i,
298,2,0.00,0.00,u,
299,2,0.00,0.00,u,
300,2,0.00,,a,
301,2,0.00,,a,
302,2,0.00,,a,
303,2,0.00,,a,
304,2,2.00,,a,
305,2,4.00,,a,
306,2,0.50,,a,
307,2,0.00,0.00,u,
308,2,0.50,,a,
309,2,3.00,,a,
310,2,0.00,0.00,i,
311,2,0.00,0.00,u,
312,2,0.00,0.00,i,
313,2,3.50,,a,1.00
314,2,0.00,0.00,u,
315,2,3.00,,a,
316,2,5.00,100.00,a,2.00
317,2,0.00,0.00,u,
318,2,0.00,0.00,i,3.00
319,2,0.00,0.00,u,
320,2,3.00,,a,
321,2,0.50,,a,
322,2,0.00,0.00,u,
323,2,1.00,,a,
324,2,0.00,,a,
325,2,0.00,100.00,a,
326,2,0.00,0.00,u,
327,2,5.50,,a,
328,2,0.00,100.00,a,
329,2,0.00,0.00,i,
330,2,4.00,,a,
331,2,0.00,100.00,a,
332,2,6.00,,a,
333,2,0.00,0.00,u,
334,2,5.00,,a,
335,2,8.50,,a,
336,2,1.50,,a,
337,2,2.00,,a,
338,2,3.50,,a,
339,2,0.50,,a,
340,2,0.00,100.00,a,
341,2,0.00,0.00,u,
342,2,0.00,0.00,u,
343,2,0.50,,a,
344,2,0.00,25.00,d,
345,2,0.50,,a,
346,2,4.50,,a,1.00
347,2,2.00,,a,2.00
348,2,0.00,0.00,u,3.00
349,2,0.00,0.00,i,
350,2,1.00,,a,
351,2,0.00,,a,
352,2,0.00,,a,
353,2,0.00,0.00,u,
354,2,0.00,0.00,i,
355,2,0.00,,a,
356,2,1.50,,a,
357,2,0.50,,a,
358,2,0.50,,a,
359,2,0.00,0.00,i,
360,2,0.00,0.00,i,
361,2,0.00,,a,
362,2,2.00,100.00,a,
363,2,0.00,0.00,i,
364,2,0.50,,a,
365,2,0.00,0.00,u,
366,2,3.00,,a,4.00
367,2,8.50,,a,3.00
368,2,6.00,,a,1.00
369,2,1.50,,a,
370,2,0.00,0.00,i,
371,2,3.00,,a,
372,2,1.50,,a,5.00
373,2,0.00,0.00,u,
374,2,0.00,100.00,a,
375,2,0.50,,a,
376,2,0.00,0.00,u,
377,2,5.00,,a,
378,2,0.00,,a,
379,2,5.00,,a,2.00
380,2,0.00,0.00,i,
381,2,0.50,,a,
382,2,0.00,100.00,a,
383,2,0.00,0.00,u,
384,2,1.50,,a,
385,2,6.00,,a,
386,2,0.00,,a,
387,2,2.00,,a,
388,2,6.00,,a,
389,2,0.50,100.00,a,4.00
390,2,2.00,,a,
391,2,7.00,,a,
392,2,0.00,,a,
393,2,2.00,,a,
394,2,0.00,0.00,u,
395,2,0.50,,a,
396,2,0.50,,a,
397,2,3.50,,a,2.00
398,2,5.00,,a,
399,2,11.00,,a,
400,2,0.00,0.00,i,3.00
401,2,1.00,,a,2.00
402,2,0.00,0.00,u,
403,2,0.00,100.00,a,
404,2,0.00,0.00,u,
405,2,1.00,,a,
406,2,1.00,,a,
407,2,0.00,0.00,u,
408,2,0.00,0.00,u,
409,2,0.00,0.00,u,
410,2,0.00,0.00,u,
411,2,7.50,,a,1.00
412,2,1.50,,a,
413,2,0.00,0.00,u,
414,2,0.00,0.00,i,
415,2,0.50,,a,
416,2,0.00,0.00,i,
417,2,1.50,,a,
418,2,2.50,,a,
419,2,0.50,100.00,a,
420,2,0.50,,a,
421,2,0.50,,a,
422,2,1.00,,a,
423,2,1.50,,a,
424,2,0.00,,a,
425,2,0.00,0.00,u,
426,2,12.50,,a,1.00
427,2,6.50,,a,2.00
428,2,5.50,,a,
429,2,1.50,,a,
430,2,0.00,75.00,d,
431,2,0.00,0.00,i,
432,2,2.50,,a,
433,2,0.00,0.00,i,
434,2,0.00,,a,
435,2,0.50,,a,
436,2,0.00,0.00,u,
437,2,0.00,,a,
438,2,0.00,,a,
439,2,1.00,100.00,a,
440,2,0.00,,a,
441,2,0.00,,a,
442,2,0.00,,a,
443,2,0.00,,a,
444,2,0.00,,a,
445,2,4.50,,a,
446,2,0.50,100.00,a,
447,2,4.00,,a,
448,2,0.00,0.00,i,
449,2,7.00,,a,
450,2,0.00,0.00,i,
451,2,0.00,0.00,u,
452,2,0.40,75.00,d,4.00
453,2,2.50,,a,
454,2,8.50,,a,
455,2,2.00,,a,
456,2,0.50,,a,
457,2,0.50,,a,
458,2,0.00,0.00,i,
459,2,3.00,100.00,a,
460,2,4.50,,a,
461,2,0.50,,a,
462,2,1.00,,a,
463,2,0.00,0.00,u,1.00
464,2,6.00,,a,3.00
465,2,0.00,0.00,i,2.00
466,2,0.00,0.00,u,
467,2,1.50,,a,
468,2,0.00,,a,
469,2,4.00,,a,
470,2,0.00,0.00,u,
471,2,2.50,,a,
472,2,2.50,100.00,a,
473,2,2.50,,a,
474,2,1.00,,a,
475,2,0.00,0.00,i,
476,2,0.00,,a,
477,2,0.00,0.00,u,
478,2,1.00,,a,
479,2,0.00,0.00,u,
480,2,7.50,100.00,a,1.00
481,2,2.50,100.00,a,
482,2,0.50,100.00,a,
483,2,6.00,,a,
484,2,0.00,0.00,u,
485,2,0.00,0.00,u,
486,2,2.50,,a,
487,2,0.50,,a,
488,2,1.00,100.00,a,
489,2,0.00,100.00,a,
490,2,0.50,,a,2.00
491,2,1.50,,a,4.00
492,2,1.50,,a,5.00
493,2,0.50,,a,
494,2,0.00,0.00,u,
495,2,0.00,,a,
496,2,1.50,,a,
497,2,0.00,,a,
498,2,1.50,,a,
499,2,0.50,100.00,a,
500,2,0.00,0.00,u,
501,2,0.00,,a,
502,2,2.50,,a,
503,2,0.00,100.00,a,
504,2,3.00,,a,
505,2,0.00,0.00,u,
506,2,1.00,,a,
507,2,0.00,0.00,u,
508,2,0.00,,a,
509,2,0.00,,a,
510,2,0.00,,a,
511,2,0.00,0.00,u,
512,2,0.50,100.00,a,3.00
513,2,0.00,0.00,i,4.00
514,2,2.00,,a,
515,2,0.40,75.00,d,
516,2,1.50,,a,
517,2,0.00,0.00,i,
518,2,0.00,0.00,u,
519,2,0.00,,a,
520,2,0.50,,a,
521,2,0.00,0.00,i,
522,2,2.00,,a,
523,2,0.00,0.00,u,
524,2,0.00,,a,
525,2,1.50,,a,
526,2,1.00,,a,1.00
527,2,0.00,0.00,u,5.00
528,2,0.00,0.00,u,
529,2,3.50,,a,
530,2,0.00,0.00,u,
531,2,0.00,,a,
532,2,4.00,,a,
533,2,4.50,100.00,a,
534,2,4.00,,a,
535,2,0.50,100.00,a,
536,2,3.50,,a,
537,2,0.00,0.00,u,
538,2,0.00,0.00,u,
539,2,0.50,,a,
540,2,0.00,0.00,u,
541,2,3.50,100.00,a,
542,2,2.50,,a,2.00
543,2,0.00,0.00,i,1.00
544,2,7.50,,a,
545,2,2.50,,a,
546,2,0.00,0.00,u,
547,2,0.50,,a,
548,2,1.00,,a,
549,2,0.50,,a,
550,2,0.00,,a,
551,2,4.00,,a,
552,2,2.00,,a,
553,2,4.50,,a,
554,2,0.00,0.00,u,
555,2,0.00,,a,
556,2,0.50,,a,
557,2,3.00,,a,
558,2,2.50,,a,
559,2,0.50,,a,
560,2,0.00,,a,
561,2,0.00,100.00,a,
562,2,2.00,,a,
563,2,0.50,100.00,a,
564,2,2.00,,a,
565,2,9.00,,a,
566,2,3.00,,a,
567,2,4.00,,a,
568,2,0.50,,a,
569,2,4.00,,a,1.00
570,2,1.50,,a,
571,2,0.00,100.00,a,
572,2,10.00,,a,
573,2,0.00,,a,
574,2,0.00,,a,
575,2,2.00,,a,
576,2,1.50,,a,
577,2,1.00,,a,
578,2,0.00,,a,
579,2,0.50,,a,
580,2,1.00,,a,
581,2,0.00,,a,
582,2,0.00,0.00,i,
583,2,1.00,,a,
584,2,1.00,,a,
585,2,1.00,,a,
586,2,8.00,100.00,a,
587,2,0.00,,a,
588,2,1.50,,a,
589,2,0.50,,a,
590,2,0.00,,a,
591,2,5.00,100.00,a,
592,2,1.00,,a,
593,2,6.00,,a,
594,2,0.50,,a,2.00
595,2,0.50,,a,
596,2,0.50,,a,
597,2,1.00,,a,
598,2,0.50,,a,
599,2,0.00,,a,
600,2,1.00,,a,
601,2,0.00,,a,
602,2,0.00,0.00,u,
603,2,0.00,,a,
604,2,0.00,,a,
605,2,4.50,,a,
606,2,0.00,,a,
607,2,0.00,0.00,u,
608,2,0.50,,a,
609,2,0.00,,a,
610,2,0.00,75.00,d,
611,2,1.80,,a,
612,2,1.80,100.00,a,
613,2,1.00,,a,
614,2,1.80,,a,
615,2,2.00,,a,
616,2,2.00,,a,
617,2,1.50,,a,
618,2,2.20,,a,
619,2,1.50,,a,
620,2,1.80,,a,
621,2,1.00,,a,
622,2,1.00,,a,
623,2,1.00,,a,
624,2,0.00,0.00,u,
625,2,1.00,,a,
626,2,1.00,,a,
627,2,2.80,,a,
628,2,2.20,,a,
629,2,1.00,,a,
630,2,1.80,,a,
631,2,2.20,,a,
632,2,1.40,,a,
633,2,1.80,,a,
634,2,2.10,,a,
635,2,1.50,,a,
636,2,1.50,,a,
637,2,1.40,,a,
638,2,1.00,,a,
639,2,2.00,,a,
640,2,1.80,,a,
641,2,1.80,,a,
642,2,2.00,,a,
643,2,1.80,,a,
644,2,1.50,,a,
645,2,1.50,,a,
646,2,2.00,,a,
647,2,2.00,,a,
648,2,1.50,,a,
649,2,1.80,,a,
650,2,1.80,,a,
651,2,1.00,,a,
652,2,0.00,0.00,i,
1,3,5.00,,a,
2,3,0.00,,a,
3,3,0.00,,a,
4,3,5.00,,a,
5,3,0.00,25.00,d,
6,3,0.00,0.00,i,
7,3,2.70,,a,
8,3,7.30,,a,
9,3,0.70,,a,
10,3,6.70,100.00,a,
11,3,2.00,50.00,d,
12,3,7.30,,a,1.00
13,3,4.30,,a,
14,3,0.70,,a,
15,3,8.00,,a,3.00
16,3,0.70,,a,
17,3,0.70,,a,
18,3,0.00,0.00,u,
19,3,1.00,,a,
20,3,0.00,,a,
21,3,0.00,0.00,i,
22,3,0.00,0.00,u,
23,3,0.00,0.00,u,
24,3,0.00,0.00,u,
25,3,0.30,,a,2.00
26,3,5.30,,a,
27,3,0.00,0.00,u,
28,3,1.70,,a,
29,3,0.30,,a,
30,3,0.00,0.00,u,
31,3,1.70,,a,
32,3,1.70,75.00,d,
33,3,2.30,,a,
34,3,0.70,,a,
35,3,0.30,,a,
36,3,2.70,,a,
37,3,2.00,,a,
38,3,0.00,,a,
39,3,0.00,0.00,u,
40,3,6.30,,a,
41,3,2.30,,a,1.00
42,3,0.70,,a,
43,3,2.70,100.00,a,3.00
44,3,0.00,0.00,u,
45,3,1.70,,a,
46,3,2.30,,a,
47,3,2.30,100.00,a,
48,3,0.00,0.00,i,
49,3,0.00,0.00,u,
50,3,0.00,,a,
51,3,2.30,,a,
52,3,0.70,,a,
53,3,0.00,50.00,d,
54,3,0.00,0.00,s,
55,3,0.00,0.00,u,
56,3,0.70,100.00,a,
57,3,2.00,,a,
58,3,0.00,,a,
59,3,0.00,0.00,u,
60,3,2.00,,a,
61,3,1.70,,a,
62,3,0.00,,a,
63,3,0.00,0.00,i,
64,3,0.70,,a,
65,3,0.00,0.00,i,
66,3,0.00,100.00,a,
67,3,2.00,,a,
68,3,7.00,,a,3.00
69,3,8.00,,a,
70,3,2.30,,a,2.00
71,3,2.30,,a,
72,3,0.70,,a,
73,3,2.00,100.00,a,
74,3,0.70,100.00,a,
75,3,0.70,100.00,a,
76,3,0.30,,a,
77,3,0.00,0.00,i,
78,3,0.00,0.00,i,1.00
79,3,3.70,,a,
80,3,0.00,0.00,u,
81,3,0.30,100.00,a,
82,3,3.70,,a,
83,3,0.00,,a,
84,3,0.00,0.00,i,
85,3,0.00,0.00,i,
86,3,6.00,,a,
87,3,4.30,,a,
88,3,5.30,,a,
89,3,0.30,,a,
90,3,1.00,,a,
91,3,1.30,,a,
92,3,0.00,,a,
93,3,1.30,,a,
94,3,5.00,,a,2.00
95,3,1.70,,a,
96,3,4.00,,a,
97,3,0.00,0.00,i,3.00
98,3,7.00,,a,
99,3,0.00,0.00,i,
100,3,0.00,100.00,a,
101,3,0.00,0.00,i,
102,3,0.70,,a,
103,3,0.00,0.00,i,
104,3,1.30,,a,
105,3,1.30,,a,
106,3,1.30,,a,1.00
107,3,0.00,,a,
108,3,1.00,,a,
109,3,3.00,,a,
110,3,1.70,,a,
111,3,0.00,,a,
112,3,3.30,,a,
113,3,0.70,100.00,a,
114,3,2.30,,a,
115,3,7.00,,a,
116,3,3.30,,a,
117,3,0.00,,a,
118,3,0.00,0.00,u,
119,3,0.70,,a,
120,3,0.00,,a,
121,3,0.00,0.00,i,
122,3,0.00,0.00,i,
123,3,0.00,0.00,i,
124,3,5.30,,a,1.00
125,3,1.30,75.00,d,
126,3,0.00,,a,3.00
127,3,4.30,,a,
128,3,0.00,0.00,u,
129,3,1.30,100.00,a,
130,3,0.00,0.00,i,
131,3,0.00,0.00,i,
132,3,0.00,0.00,u,
133,3,0.00,0.00,u,
134,3,0.00,,a,
135,3,0.00,0.00,i,
136,3,0.30,100.00,a,
137,3,0.00,0.00,i,
138,3,2.70,,a,
139,3,0.00,0.00,i,
140,3,0.00,0.00,u,
141,3,0.00,0.00,u,
142,3,0.70,,a,
143,3,0.00,0.00,u,
144,3,1.00,,a,
145,3,1.00,100.00,a,
146,3,0.00,0.00,u,
147,3,0.00,,a,
148,3,2.70,,a,
149,3,0.30,,a,
150,3,0.00,0.00,u,
151,3,1.70,,a,
152,3,0.00,0.00,i,
153,3,1.30,,a,
154,3,7.00,100.00,a,1.00
155,3,1.30,,a,
156,3,3.30,,a,
157,3,0.70,,a,2.00
158,3,0.00,,a,
159,3,0.00,0.00,i,
160,3,1.00,,a,
161,3,3.00,,a,
162,3,1.30,,a,
163,3,0.00,0.00,u,
164,3,0.30,100.00,a,
165,3,7.00,,a,
166,3,1.30,,a,2.00
167,3,1.00,,a,3.00
168,3,0.00,0.00,u,
169,3,0.00,,a,
170,3,0.00,0.00,i,
171,3,0.00,0.00,u,
172,3,0.00,,a,
173,3,5.00,,a,
174,3,0.00,0.00,u,
175,3,2.00,,a,
176,3,1.70,,a,
177,3,0.00,0.00,i,
178,3,0.00,,a,
179,3,0.00,,a,
180,3,0.00,0.00,i,
181,3,0.00,0.00,u,
182,3,1.30,,a,
183,3,2.00,100.00,a,
184,3,2.00,,a,3.00
185,3,0.30,,a,
186,3,1.00,100.00,a,
187,3,0.00,0.00,i,
188,3,0.70,,a,2.00
189,3,0.00,,a,
190,3,1.30,,a,
191,3,0.00,0.00,u,
192,3,0.00,0.00,u,
193,3,0.00,0.00,i,1.00
194,3,1.30,,a,4.00
195,3,1.00,,a,
196,3,0.00,0.00,u,
197,3,0.00,0.00,u,
198,3,1.70,100.00,a,
199,3,0.00,,a,
200,3,3.00,,a,
201,3,0.30,,a,
202,3,1.30,,a,
203,3,0.70,,a,
204,3,5.30,,a,
205,3,0.00,0.00,u,
206,3,0.00,0.00,i,
207,3,0.70,,a,
208,3,0.00,0.00,i,2.00
209,3,1.00,,a,
210,3,2.70,100.00,a,
211,3,3.70,,a,
212,3,0.30,,a,
213,3,0.00,,a,
214,3,3.30,,a,
215,3,0.00,0.00,u,3.00
216,3,0.00,0.00,u,
217,3,0.00,0.00,u,
218,3,0.00,,a,
219,3,0.00,0.00,u,
220,3,0.00,0.00,u,
221,3,0.00,,a,
222,3,1.30,,a,
223,3,0.00,0.00,i,1.00
224,3,2.30,,a,
225,3,0.00,0.00,u,
226,3,3.70,,a,
227,3,0.00,,a,
228,3,0.00,,a,
229,3,7.00,,a,
230,3,4.30,,a,
231,3,0.00,,a,
232,3,0.00,,a,
233,3,3.70,,a,
234,3,0.00,0.00,u,
235,3,0.00,0.00,u,
236,3,5.00,,a,
237,3,5.30,,a,
238,3,0.70,100.00,a,
239,3,1.30,100.00,a,2.00
240,3,0.30,100.00,a,
241,3,1.00,,a,
242,3,5.00,,a,
243,3,0.30,,a,
244,3,3.70,,a,
245,3,0.00,,a,
246,3,2.00,,a,
247,3,2.70,100.00,a,
248,3,0.00,0.00,u,
249,3,4.00,,a,1.00
250,3,2.00,,a,
251,3,0.00,,a,
252,3,0.00,0.00,u,
253,3,0.70,100.00,a,
254,3,1.30,,a,2.00
255,3,1.00,,a,
256,3,0.00,,a,
257,3,1.00,,a,
258,3,4.30,,a,
259,3,2.30,,a,
260,3,1.30,,a,
261,3,2.00,,a,3.00
262,3,0.70,,a,
263,3,0.70,,a,
264,3,2.30,,a,
265,3,1.70,,a,
266,3,0.00,0.00,i,
267,3,2.70,,a,
268,3,6.30,,a,
269,3,1.00,,a,
270,3,0.00,,a,
271,3,0.70,,a,
272,3,0.00,,a,
273,3,0.00,,a,
274,3,0.00,0.00,i,
275,3,0.00,0.00,u,
276,3,0.00,0.00,u,
277,3,7.70,,a,
278,3,0.00,0.00,i,
279,3,8.30,100.00,a,
280,3,4.00,100.00,a,
281,3,0.00,0.00,u,
282,3,6.70,,a,
283,3,0.00,0.00,u,
284,3,0.00,,a,
285,3,0.30,100.00,a,
286,3,4.70,,a,
287,3,0.00,0.00,u,
288,3,0.00,,a,
289,3,0.70,100.00,a,
290,3,3.70,,a,
291,3,0.00,0.00,i,
292,3,0.00,,a,
293,3,0.00,0.00,u,
294,3,0.00,100.00,a,
295,3,2.70,,a,1.00
296,3,0.00,0.00,u,
297,3,0.00,0.00,i,
298,3,0.00,0.00,u,
299,3,0.00,0.00,u,
300,3,0.00,,a,
301,3,0.00,,a,
302,3,0.00,,a,
303,3,0.00,,a,
304,3,2.30,,a,
305,3,3.00,,a,
306,3,0.70,,a,
307,3,0.00,0.00,u,
308,3,0.30,,a,
309,3,2.00,,a,
310,3,0.00,100.00,a,
311,3,0.00,0.00,u,
312,3,0.00,0.00,i,
313,3,2.70,,a,1.00
314,3,0.00,0.00,u,
315,3,2.70,,a,
316,3,4.00,100.00,a,2.00
317,3,0.00,0.00,u,
318,3,0.00,100.00,a,3.00
319,3,0.00,0.00,u,
320,3,2.00,,a,
321,3,0.30,,a,
322,3,0.00,0.00,u,
323,3,1.00,,a,
324,3,0.00,,a,
325,3,0.00,100.00,a,
326,3,0.00,0.00,u,
327,3,4.00,,a,
328,3,0.30,100.00,a,
329,3,0.00,0.00,i,
330,3,7.30,,a,
331,3,0.70,100.00,a,
332,3,5.30,,a,
333,3,0.00,0.00,u,
334,3,4.70,,a,
335,3,6.30,,a,
336,3,2.00,,a,
337,3,1.70,,a,
338,3,3.00,,a,
339,3,0.30,,a,
340,3,0.00,100.00,a,
341,3,0.00,0.00,u,
342,3,0.00,0.00,u,
343,3,0.30,,a,
344,3,0.00,25.00,d,
345,3,2.00,,a,
346,3,3.30,,a,1.00
347,3,1.70,,a,2.00
348,3,0.00,0.00,u,3.00
349,3,0.00,0.00,i,
350,3,3.30,,a,
351,3,0.00,,a,
352,3,0.00,,a,
353,3,0.00,0.00,u,
354,3,0.00,0.00,i,
355,3,0.00,,a,
356,3,3.00,,a,
357,3,0.30,,a,
358,3,2.00,,a,
359,3,0.00,0.00,i,
360,3,0.00,0.00,i,
361,3,0.00,,a,
362,3,3.00,100.00,a,
363,3,0.00,0.00,i,
364,3,0.30,,a,
365,3,0.00,0.00,u,
366,3,3.00,,a,4.00
367,3,7.00,75.00,d,3.00
368,3,5.00,,a,1.00
369,3,1.00,,a,
370,3,0.00,0.00,i,
371,3,2.30,,a,
372,3,1.70,,a,5.00
373,3,0.00,0.00,u,
374,3,0.00,100.00,a,
375,3,0.70,,a,
376,3,0.00,0.00,u,
377,3,4.30,,a,
378,3,0.00,,a,
379,3,7.70,,a,2.00
380,3,0.00,0.00,i,
381,3,0.70,,a,
382,3,0.00,100.00,a,
383,3,0.00,0.00,u,
384,3,3.30,,a,
385,3,5.00,,a,
386,3,0.00,,a,
387,3,1.30,100.00,a,
388,3,6.70,,a,
389,3,0.30,100.00,a,4.00
390,3,3.30,,a,
391,3,7.30,,a,
392,3,0.00,,a,
393,3,3.00,,a,
394,3,0.00,0.00,u,
395,3,0.30,,a,
396,3,0.30,,a,
397,3,4.30,,a,2.00
398,3,3.70,,a,
399,3,8.30,,a,
400,3,0.00,0.00,i,3.00
401,3,1.30,,a,2.00
402,3,0.00,0.00,u,
403,3,1.00,100.00,a,
404,3,0.00,0.00,u,
405,3,1.30,,a,
406,3,0.70,,a,
407,3,0.00,0.00,u,
408,3,0.00,0.00,u,
409,3,0.00,0.00,u,
410,3,0.00,0.00,u,
411,3,8.00,,a,1.00
412,3,1.70,,a,
413,3,0.00,0.00,u,
414,3,0.00,0.00,i,
415,3,0.70,,a,
416,3,0.00,0.00,i,
417,3,1.30,,a,
418,3,2.30,,a,
419,3,1.30,100.00,a,
420,3,0.70,,a,
421,3,0.30,,a,
422,3,1.00,,a,
423,3,1.70,75.00,d,
424,3,0.00,,a,
425,3,0.00,0.00,u,
426,3,9.00,,a,1.00
427,3,7.00,,a,2.00
428,3,4.70,,a,
429,3,2.00,,a,
430,3,0.00,100.00,a,
431,3,0.00,0.00,i,
432,3,4.70,,a,
433,3,0.00,0.00,i,
434,3,0.00,,a,
435,3,0.30,,a,
436,3,0.00,0.00,u,
437,3,0.00,,a,
438,3,0.00,,a,
439,3,2.30,100.00,a,
440,3,0.00,,a,
441,3,0.00,,a,
442,3,0.00,,a,
443,3,0.00,,a,
444,3,0.00,50.00,d,
445,3,2.70,,a,
446,3,0.30,100.00,a,
447,3,3.00,,a,
448,3,0.00,0.00,i,
449,3,6.00,,a,
450,3,0.30,100.00,a,
451,3,0.00,0.00,u,
452,3,0.30,100.00,a,4.00
453,3,5.70,,a,
454,3,6.00,,a,
455,3,3.00,,a,
456,3,2.30,,a,
457,3,0.70,,a,
458,3,0.00,0.00,i,
459,3,2.70,100.00,a,
460,3,3.70,,a,
461,3,0.30,,a,
462,3,1.00,,a,
463,3,0.00,0.00,u,
464,3,4.30,,a,2.00
465,3,0.00,0.00,i,1.00
466,3,0.00,0.00,u,
467,3,3.00,,a,
468,3,0.00,,a,
469,3,5.00,,a,
470,3,0.00,0.00,u,
471,3,4.00,,a,
472,3,4.30,100.00,a,
473,3,2.00,,a,
474,3,3.30,,a,
475,3,0.00,0.00,i,
476,3,0.00,,a,
477,3,0.00,0.00,u,
478,3,0.70,,a,
479,3,0.00,0.00,u,
480,3,6.00,100.00,a,1.00
481,3,2.70,100.00,a,
482,3,0.30,100.00,a,
483,3,4.30,,a,
484,3,0.00,0.00,u,
485,3,0.00,0.00,u,
486,3,2.30,,a,
487,3,0.30,,a,
488,3,0.70,100.00,a,
489,3,0.00,100.00,a,
490,3,0.70,,a,2.00
491,3,1.30,,a,4.00
492,3,1.70,,a,5.00
493,3,0.30,,a,
494,3,0.00,0.00,u,
495,3,0.00,,a,
496,3,3.00,,a,
497,3,0.00,,a,
498,3,1.00,,a,
499,3,2.00,75.00,d,
500,3,0.00,0.00,u,
501,3,0.70,,a,
502,3,2.00,,a,
503,3,3.00,100.00,a,
504,3,6.00,,a,
505,3,0.00,0.00,u,
506,3,1.70,75.00,d,
507,3,0.00,0.00,u,
508,3,0.00,,a,
509,3,0.00,,a,
510,3,0.00,,a,
511,3,0.00,0.00,u,
512,3,0.70,100.00,a,3.00
513,3,0.00,0.00,i,4.00
514,3,2.30,,a,
515,3,0.30,100.00,a,
516,3,2.70,,a,
517,3,0.00,0.00,i,
518,3,0.00,0.00,u,
519,3,1.00,,a,
520,3,0.30,,a,
521,3,0.00,0.00,i,
522,3,1.30,,a,
523,3,0.00,0.00,u,
524,3,0.00,,a,
525,3,1.00,,a,
526,3,1.00,,a,1.00
527,3,0.00,0.00,u,
528,3,0.00,0.00,u,
529,3,3.00,,a,
530,3,0.00,0.00,u,
531,3,0.00,,a,
532,3,4.00,,a,
533,3,4.30,100.00,a,
534,3,3.00,,a,
535,3,0.30,100.00,a,
536,3,3.00,,a,
537,3,0.00,0.00,u,
538,3,0.00,0.00,u,
539,3,0.30,,a,
540,3,0.00,0.00,u,
541,3,3.00,100.00,a,
542,3,4.30,,a,2.00
543,3,0.00,0.00,i,1.00
544,3,6.00,,a,
545,3,2.00,,a,
546,3,0.00,0.00,u,
547,3,0.00,0.00,i,
548,3,0.70,,a,
549,3,0.30,,a,
550,3,0.00,,a,
551,3,3.30,,a,
552,3,2.00,,a,
553,3,4.30,,a,
554,3,0.00,0.00,u,
555,3,0.00,,a,
556,3,0.30,,a,
557,3,3.70,,a,
558,3,2.70,,a,
559,3,0.30,,a,
560,3,0.00,,a,
561,3,0.00,100.00,a,
562,3,2.00,,a,
563,3,0.00,0.00,i,
564,3,2.00,,a,
565,3,6.00,,a,
566,3,2.30,,a,
567,3,3.30,,a,
568,3,0.30,,a,
569,3,3.30,,a,1.00
570,3,3.70,,a,
571,3,0.00,100.00,a,
572,3,8.70,,a,
573,3,0.00,,a,
574,3,0.30,,a,
575,3,1.70,,a,
576,3,2.00,,a,
577,3,0.70,,a,
578,3,0.00,0.00,i,
579,3,3.00,,a,
580,3,1.30,,a,
581,3,0.30,,a,
582,3,0.00,0.00,i,
583,3,1.00,,a,
584,3,1.00,,a,
585,3,1.00,,a,
586,3,8.00,100.00,a,
587,3,0.00,,a,
588,3,2.00,,a,
589,3,1.00,,a,
590,3,0.00,,a,
591,3,3.70,100.00,a,
592,3,1.00,,a,
593,3,3.20,75.00,d,
594,3,0.30,,a,2.00
595,3,0.30,,a,
596,3,0.70,,a,
597,3,4.00,,a,
598,3,1.70,,a,
599,3,0.00,,a,
600,3,0.70,,a,
601,3,0.00,,a,
602,3,0.00,0.00,u,
603,3,0.00,,a,
604,3,0.00,,a,
605,3,3.70,,a,
606,3,0.00,,a,
607,3,0.00,0.00,u,
608,3,0.70,,a,
609,3,0.00,0.00,u,
610,3,0.00,0.00,u,
611,3,1.00,,a,
612,3,0.00,100.00,a,
613,3,0.00,,a,
614,3,0.00,,a,
615,3,0.00,,a,
616,3,1.00,,a,
617,3,1.00,,a,
618,3,0.00,0.00,i,
619,3,2.50,,a,
620,3,0.00,,a,
621,3,1.00,,a,
622,3,0.50,,a,
623,3,0.00,,a,
624,3,0.00,0.00,u,
625,3,0.00,,a,
626,3,0.00,,a,
627,3,2.80,,a,
628,3,2.20,,a,
629,3,1.00,,a,
630,3,1.80,,a,
631,3,2.20,,a,
632,3,0.00,0.00,i,
633,3,1.80,,a,
634,3,2.10,,a,
635,3,1.60,,a,
636,3,1.60,,a,
637,3,1.40,,a,
638,3,1.00,,a,
639,3,2.00,,a,
640,3,1.80,,a,
641,3,1.80,,a,
642,3,2.00,,a,
643,3,1.80,,a,
644,3,1.60,,a,
645,3,1.60,,a,
646,3,2.00,,a,
647,3,2.00,,a,
648,3,1.60,,a,
649,3,1.80,,a,
650,3,1.80,,a,
651,3,1.00,,a,
652,3,1.50,75.00,d,
653,3,1.10,,a,
654,3,1.10,,a,
655,3,2.00,,a,
656,3,1.00,,a,
1,4,7.20,,a,
2,4,0.00,,a,
3,4,0.00,,a,
4,4,6.00,,a,
5,4,0.20,100.00,a,
6,4,0.00,0.00,i,
7,4,2.20,,a,
8,4,7.00,,a,
9,4,0.50,,a,
10,4,5.20,100.00,a,
11,4,3.00,100.00,a,
12,4,7.50,,a,1.00
13,4,4.80,,a,
14,4,0.80,,a,
15,4,6.80,,a,3.00
16,4,0.50,,a,
17,4,0.80,,a,
18,4,0.00,0.00,u,
19,4,1.00,,a,
20,4,0.00,,a,
21,4,0.00,0.00,i,
22,4,0.00,0.00,u,
23,4,0.00,0.00,u,
24,4,0.00,0.00,u,
25,4,0.20,,a,2.00
26,4,4.20,,a,
27,4,0.00,0.00,u,
28,4,1.80,,a,
29,4,0.00,0.00,i,
30,4,0.00,0.00,u,
31,4,2.80,,a,
32,4,1.80,100.00,a,
33,4,1.80,,a,
34,4,0.00,0.00,i,
35,4,0.20,,a,
36,4,0.00,0.00,i,
37,4,1.80,,a,
38,4,0.00,,a,
39,4,0.00,0.00,u,
40,4,6.80,,a,
41,4,2.20,,a,1.00
42,4,0.50,,a,
43,4,2.50,100.00,a,3.00
44,4,0.00,0.00,u,
45,4,2.80,,a,
46,4,2.20,,a,
47,4,2.20,100.00,a,
48,4,0.00,0.00,i,
49,4,0.00,0.00,u,
50,4,0.00,,a,
51,4,2.00,,a,
52,4,2.00,,a,
53,4,0.20,100.00,a,
54,4,-0.50,100.00,a,
55,4,0.00,0.00,u,
56,4,0.80,100.00,a,
57,4,1.80,,a,
58,4,0.00,,a,
59,4,0.00,0.00,u,
60,4,2.00,,a,
61,4,2.00,,a,
62,4,0.00,,a,
63,4,0.00,0.00,i,
64,4,0.50,,a,
65,4,0.00,0.00,i,
66,4,0.00,100.00,a,
67,4,2.00,,a,
68,4,7.20,,a,3.00
69,4,7.00,,a,
70,4,3.80,,a,2.00
71,4,1.80,,a,
72,4,0.80,,a,
73,4,2.00,100.00,a,
74,4,0.50,100.00,a,
75,4,0.80,100.00,a,
76,4,0.20,,a,
77,4,0.00,0.00,i,
78,4,0.00,0.00,i,1.00
79,4,4.00,,a,
80,4,0.00,0.00,u,
81,4,0.50,100.00,a,
82,4,3.50,,a,
83,4,0.00,,a,
84,4,0.00,0.00,i,
85,4,0.00,0.00,i,
86,4,4.80,,a,
87,4,3.50,,a,
88,4,4.20,,a,
89,4,0.20,,a,
90,4,1.00,,a,
91,4,1.50,,a,
92,4,0.00,,a,
93,4,1.80,,a,
94,4,7.50,,a,2.00
95,4,1.50,,a,
96,4,3.20,,a,
97,4,0.00,0.00,i,3.00
98,4,6.20,,a,
99,4,0.00,0.00,i,
100,4,0.00,100.00,a,
101,4,0.00,50.00,d,
102,4,1.50,,a,
103,4,0.00,0.00,i,
104,4,1.50,100.00,a,
105,4,1.20,,a,
106,4,1.20,,a,1.00
107,4,0.00,0.00,i,
108,4,0.80,,a,
109,4,4.20,,a,
110,4,1.20,,a,
111,4,0.00,,a,
112,4,4.50,,a,
113,4,2.00,100.00,a,
114,4,3.20,,a,
115,4,8.00,,a,
116,4,5.50,,a,
117,4,0.00,,a,
118,4,0.00,0.00,u,
119,4,0.80,,a,
120,4,0.00,,a,
121,4,0.00,0.00,i,
122,4,0.00,0.00,i,
123,4,0.00,0.00,i,
124,4,8.20,,a,1.00
125,4,1.20,100.00,a,
126,4,0.20,,a,3.00
127,4,4.00,,a,
128,4,0.00,0.00,u,
129,4,3.00,100.00,a,
130,4,0.00,0.00,i,
131,4,0.00,50.00,d,
132,4,0.00,0.00,u,
133,4,0.00,0.00,u,
134,4,0.00,,a,
135,4,0.00,0.00,i,
136,4,0.50,100.00,a,
137,4,0.00,0.00,i,
138,4,4.50,,a,
139,4,0.00,0.00,i,
140,4,0.00,0.00,u,
141,4,0.00,0.00,u,
142,4,0.60,75.00,d,
143,4,0.00,0.00,u,
144,4,1.00,,a,
145,4,1.00,100.00,a,
146,4,0.00,0.00,u,
147,4,0.20,,a,
148,4,2.00,,a,
149,4,0.50,,a,
150,4,0.00,0.00,u,
151,4,1.20,,a,
152,4,0.00,50.00,d,
153,4,0.00,0.00,s,
154,4,6.50,100.00,a,1.00
155,4,1.50,,a,
156,4,3.00,,a,
157,4,0.80,,a,2.00
158,4,0.00,,a,
159,4,0.10,50.00,d,
160,4,0.80,,a,
161,4,2.80,,a,
162,4,1.00,,a,
163,4,0.00,0.00,u,
164,4,0.20,100.00,a,
165,4,6.10,75.00,d,
166,4,1.00,,a,2.00
167,4,2.00,,a,3.00
168,4,0.00,0.00,u,
169,4,0.00,,a,
170,4,0.00,0.00,i,
171,4,0.00,0.00,u,
172,4,0.00,,a,
173,4,3.80,,a,
174,4,0.00,0.00,u,
175,4,1.50,,a,
176,4,1.20,,a,
177,4,0.00,0.00,i,
178,4,0.00,,a,
179,4,0.00,,a,
180,4,0.00,0.00,i,
181,4,0.00,0.00,u,
182,4,0.20,25.00,d,
183,4,2.00,100.00,a,
184,4,2.00,,a,3.00
185,4,0.20,,a,
186,4,1.00,100.00,a,
187,4,0.00,0.00,i,
188,4,0.80,,a,2.00
189,4,0.00,,a,
190,4,1.00,,a,
191,4,0.00,0.00,u,
192,4,0.00,0.00,u,
193,4,0.00,0.00,i,1.00
194,4,1.20,,a,4.00
195,4,0.80,,a,
196,4,0.00,0.00,u,
197,4,0.00,0.00,u,
198,4,0.00,0.00,i,
199,4,0.50,,a,
200,4,2.50,,a,
201,4,0.80,,a,
202,4,1.50,,a,
203,4,0.50,,a,
204,4,4.20,,a,
205,4,0.00,0.00,u,
206,4,0.00,0.00,i,
207,4,0.50,,a,
208,4,0.00,100.00,a,2.00
209,4,1.50,,a,
210,4,2.50,100.00,a,
211,4,3.00,,a,
212,4,0.50,,a,
213,4,0.20,,a,
214,4,4.50,,a,
215,4,0.00,0.00,u,3.00
216,4,0.00,0.00,u,
217,4,0.00,0.00,u,
218,4,0.00,,a,
219,4,0.00,0.00,u,
220,4,0.00,0.00,u,
221,4,0.00,,a,
222,4,3.00,,a,
223,4,0.00,0.00,i,1.00
224,4,1.80,100.00,a,
225,4,0.00,0.00,u,
226,4,4.20,,a,
227,4,0.00,,a,
228,4,0.00,,a,
229,4,7.20,,a,
230,4,4.80,,a,
231,4,0.00,,a,
232,4,0.20,,a,
233,4,5.50,,a,
234,4,0.00,0.00,u,
235,4,0.00,0.00,u,
236,4,4.20,,a,
237,4,4.20,,a,
238,4,0.80,100.00,a,
239,4,2.00,100.00,a,2.00
240,4,0.20,100.00,a,
241,4,0.80,,a,
242,4,4.50,,a,
243,4,0.20,,a,
244,4,2.60,75.00,d,
245,4,0.00,,a,
246,4,0.00,0.00,i,
247,4,2.20,100.00,a,
248,4,0.00,0.00,u,
249,4,3.50,,a,1.00
250,4,3.80,,a,
251,4,0.00,,a,
252,4,0.00,0.00,u,
253,4,0.50,100.00,a,
254,4,2.50,,a,2.00
255,4,0.80,,a,
256,4,0.00,0.00,i,
257,4,2.20,,a,
258,4,4.80,,a,
259,4,2.00,,a,
260,4,0.00,0.00,i,
261,4,2.20,,a,3.00
262,4,0.80,,a,
263,4,0.80,,a,
264,4,2.50,,a,
265,4,2.00,,a,
266,4,0.00,0.00,i,
267,4,2.20,,a,
268,4,5.50,,a,
269,4,0.60,75.00,d,
270,4,0.00,,a,
271,4,0.80,,a,
272,4,0.00,,a,
273,4,0.00,,a,
274,4,0.00,0.00,i,
275,4,0.00,0.00,u,
276,4,0.00,0.00,u,
277,4,6.20,,a,
278,4,0.00,0.00,i,
279,4,6.50,100.00,a,
280,4,3.20,100.00,a,
281,4,0.00,0.00,u,
282,4,6.00,,a,
283,4,0.00,0.00,u,
284,4,0.00,,a,
285,4,0.20,100.00,a,
286,4,6.80,,a,
287,4,0.00,0.00,u,
288,4,0.00,,a,
289,4,0.80,100.00,a,
290,4,3.20,,a,
291,4,0.00,0.00,i,
292,4,0.00,,a,
293,4,0.00,0.00,u,
294,4,0.00,100.00,a,
295,4,3.00,,a,1.00
296,4,0.00,0.00,u,
297,4,0.00,0.00,i,
298,4,0.00,0.00,u,
299,4,0.00,0.00,u,
300,4,0.00,,a,
301,4,0.00,,a,
302,4,0.00,,a,
303,4,0.00,,a,
304,4,2.00,,a,
305,4,5.80,,a,
306,4,0.80,,a,
307,4,0.00,0.00,u,
308,4,0.20,,a,
309,4,1.50,,a,
310,4,0.00,100.00,a,
311,4,0.00,0.00,u,
312,4,0.00,0.00,i,
313,4,2.20,,a,1.00
314,4,0.00,0.00,u,
315,4,2.20,,a,
316,4,6.00,100.00,a,2.00
317,4,0.00,0.00,u,
318,4,0.20,100.00,a,3.00
319,4,0.00,0.00,u,
320,4,1.50,,a,
321,4,0.20,,a,
322,4,0.00,0.00,u,
323,4,0.80,,a,
324,4,0.00,,a,
325,4,0.00,100.00,a,
326,4,0.00,0.00,u,
327,4,3.00,,a,
328,4,0.50,100.00,a,
329,4,0.00,0.00,i,
330,4,9.20,,a,
331,4,2.00,100.00,a,
332,4,4.50,,a,
333,4,0.00,0.00,u,
334,4,5.20,,a,
335,4,5.50,,a,
336,4,3.80,,a,
337,4,1.50,,a,
338,4,4.00,,a,
339,4,0.50,,a,
340,4,0.00,100.00,a,
341,4,0.00,0.00,u,
342,4,0.00,0.00,u,
343,4,0.50,,a,
344,4,0.00,100.00,a,
345,4,3.00,,a,
346,4,5.00,,a,1.00
347,4,1.50,,a,2.00
348,4,0.00,0.00,u,3.00
349,4,0.00,0.00,i,
350,4,4.80,,a,
351,4,0.00,,a,
352,4,0.00,,a,
353,4,0.00,0.00,u,
354,4,0.00,0.00,i,
355,4,0.00,,a,
356,4,4.20,,a,
357,4,0.50,,a,
358,4,1.80,,a,
359,4,0.00,100.00,a,
360,4,0.00,0.00,i,
361,4,0.00,,a,
362,4,4.50,100.00,a,
363,4,0.00,0.00,i,
364,4,0.50,,a,
365,4,0.00,0.00,u,
366,4,3.00,,a,4.00
367,4,7.20,100.00,a,3.00
368,4,4.50,,a,1.00
369,4,1.00,,a,
370,4,0.00,0.00,i,
371,4,2.00,,a,
372,4,1.50,,a,5.00
373,4,0.00,0.00,u,
374,4,0.00,100.00,a,
375,4,0.50,,a,
376,4,0.00,0.00,u,
377,4,3.50,,a,
378,4,0.00,,a,
379,4,6.20,,a,2.00
380,4,0.00,0.00,i,
381,4,0.50,,a,
382,4,0.00,100.00,a,
383,4,0.00,0.00,u,
384,4,4.20,,a,
385,4,4.50,,a,
386,4,0.00,,a,
387,4,1.20,100.00,a,
388,4,6.50,,a,
389,4,2.50,100.00,a,4.00
390,4,4.00,,a,
391,4,8.20,,a,
392,4,0.00,,a,
393,4,2.20,,a,
394,4,0.00,0.00,u,
395,4,0.20,,a,
396,4,0.20,,a,
397,4,4.00,,a,2.00
398,4,0.00,0.00,s,
399,4,6.50,,a,
400,4,0.00,75.00,d,3.00
401,4,1.50,,a,2.00
402,4,0.00,0.00,u,
403,4,1.50,100.00,a,
404,4,0.00,0.00,u,
405,4,0.00,0.00,i,
406,4,0.50,,a,
407,4,0.00,0.00,u,
408,4,0.00,0.00,u,
409,4,0.00,0.00,u,
410,4,0.00,0.00,u,
411,4,8.20,,a,1.00
412,4,1.80,,a,
413,4,0.00,0.00,u,
414,4,0.00,0.00,i,
415,4,1.50,,a,
416,4,0.00,0.00,i,
417,4,1.50,,a,
418,4,2.00,,a,
419,4,1.50,100.00,a,
420,4,0.50,,a,
421,4,0.20,,a,
422,4,0.80,,a,
423,4,0.90,50.00,d,
424,4,0.00,,a,
425,4,0.00,0.00,u,
426,4,7.20,,a,1.00
427,4,5.80,,a,2.00
428,4,4.00,,a,
429,4,2.00,,a,
430,4,0.00,100.00,a,
431,4,0.00,0.00,i,
432,4,4.50,,a,
433,4,0.00,0.00,i,
434,4,0.00,,a,
435,4,0.20,,a,
436,4,0.00,0.00,u,
437,4,0.00,,a,
438,4,0.00,,a,
439,4,2.00,100.00,a,
440,4,0.20,,a,
441,4,0.00,0.00,u,
442,4,0.00,,a,
443,4,0.00,,a,
444,4,0.00,50.00,d,
445,4,2.50,,a,
446,4,0.20,100.00,a,
447,4,2.80,,a,
448,4,0.00,0.00,i,
449,4,4.50,,a,
450,4,1.00,100.00,a,
451,4,0.00,0.00,u,
452,4,2.00,100.00,a,4.00
453,4,4.80,,a,
454,4,0.00,0.00,i,
455,4,3.00,100.00,a,
456,4,0.00,0.00,i,
457,4,0.50,,a,
458,4,0.00,0.00,i,
459,4,2.00,100.00,a,
460,4,3.00,,a,
461,4,1.80,,a,
462,4,1.20,,a,
463,4,0.00,0.00,u,
464,4,3.80,,a,2.00
465,4,0.00,0.00,i,1.00
466,4,0.00,0.00,u,
467,4,3.00,,a,
468,4,0.00,,a,
469,4,4.20,,a,
470,4,0.00,0.00,u,
471,4,0.00,0.00,i,
472,4,4.80,100.00,a,
473,4,2.00,,a,
474,4,1.90,75.00,d,
475,4,0.00,0.00,i,
476,4,0.00,,a,
477,4,0.00,0.00,u,
478,4,0.50,,a,
479,4,0.00,0.00,u,
480,4,6.50,100.00,a,1.00
481,4,3.20,100.00,a,
482,4,0.20,100.00,a,
483,4,3.50,,a,
484,4,0.00,0.00,u,
485,4,0.00,0.00,u,
486,4,2.50,,a,
487,4,0.20,,a,
488,4,0.80,100.00,a,
489,4,0.00,100.00,a,
490,4,0.80,,a,2.00
491,4,2.80,,a,4.00
492,4,0.00,0.00,s,5.00
493,4,0.20,,a,
494,4,0.00,0.00,u,
495,4,0.00,,a,
496,4,4.00,,a,
497,4,0.00,,a,
498,4,0.80,,a,
499,4,2.00,100.00,a,
500,4,0.00,0.00,u,
501,4,0.80,,a,
502,4,3.20,,a,
503,4,3.80,100.00,a,
504,4,6.00,,a,
505,4,0.00,0.00,u,
506,4,1.80,100.00,a,
507,4,0.00,0.00,u,
508,4,0.00,,a,
509,4,0.00,,a,
510,4,0.00,,a,
511,4,0.00,0.00,u,
512,4,0.80,100.00,a,3.00
513,4,0.00,0.00,i,4.00
514,4,2.00,,a,
515,4,0.50,100.00,a,
516,4,2.80,,a,
517,4,0.00,0.00,i,
518,4,0.00,0.00,u,
519,4,0.80,,a,
520,4,0.50,,a,
521,4,0.00,0.00,i,
522,4,1.80,,a,
523,4,0.00,0.00,u,
524,4,0.00,,a,
525,4,1.50,,a,
526,4,1.20,,a,1.00
527,4,0.00,0.00,u,
528,4,0.00,0.00,u,
529,4,2.80,,a,
530,4,0.00,0.00,u,
531,4,0.00,,a,
532,4,3.00,,a,
533,4,3.20,100.00,a,
534,4,2.20,,a,
535,4,0.20,100.00,a,
536,4,0.00,0.00,s,
537,4,0.00,0.00,u,
538,4,0.00,0.00,u,
539,4,0.20,,a,
540,4,0.00,0.00,u,
541,4,2.80,100.00,a,
542,4,3.20,,a,2.00
543,4,0.00,0.00,i,1.00
544,4,4.80,,a,
545,4,2.00,,a,
546,4,0.00,0.00,u,
547,4,0.00,0.00,i,
548,4,0.50,,a,
549,4,0.20,,a,
550,4,0.00,,a,
551,4,3.00,,a,
552,4,1.80,,a,
553,4,3.50,,a,
554,4,0.00,0.00,u,
555,4,0.00,,a,
556,4,0.20,75.00,d,
557,4,3.50,,a,
558,4,2.80,,a,
559,4,0.50,,a,
560,4,0.00,,a,
561,4,0.00,100.00,a,
562,4,1.80,,a,
563,4,0.00,0.00,i,
564,4,1.80,,a,
565,4,5.50,,a,
566,4,2.50,,a,
567,4,2.80,,a,
568,4,0.20,,a,
569,4,3.00,,a,1.00
570,4,2.80,,a,
571,4,0.20,100.00,a,
572,4,7.00,,a,
573,4,0.00,,a,
574,4,0.20,,a,
575,4,1.50,,a,
576,4,1.80,,a,
577,4,0.50,,a,
578,4,0.00,0.00,i,
579,4,3.80,,a,
580,4,2.20,,a,
581,4,1.20,,a,
582,4,0.00,0.00,i,
583,4,1.00,,a,
584,4,0.80,,a,
585,4,1.00,,a,
586,4,0.00,0.00,i,
587,4,0.00,,a,
588,4,3.20,,a,
589,4,0.80,,a,
590,4,0.00,,a,
591,4,3.20,100.00,a,
592,4,1.00,,a,
593,4,0.00,0.00,i,
594,4,0.20,,a,2.00
595,4,0.50,,a,
596,4,0.50,,a,
597,4,3.50,,a,
598,4,1.80,,a,
599,4,0.20,,a,
600,4,0.80,,a,
601,4,0.00,,a,
602,4,0.00,0.00,u,
603,4,0.00,,a,
604,4,0.00,,a,
605,4,4.80,,a,
606,4,0.00,,a,
607,4,0.00,0.00,u,
608,4,0.50,,a,
609,4,0.00,0.00,u,
610,4,0.00,0.00,u,
611,4,1.70,,a,
612,4,0.00,100.00,a,
613,4,0.00,,a,
614,4,0.00,,a,
615,4,0.00,,a,
616,4,0.70,,a,
617,4,1.00,,a,
618,4,0.00,0.00,i,
619,4,3.00,,a,
620,4,0.30,,a,
621,4,0.70,,a,
622,4,0.30,,a,
623,4,0.00,,a,
624,4,0.00,0.00,u,
625,4,0.00,,a,
626,4,0.00,,a,
627,4,2.00,,a,
628,4,0.00,,a,
629,4,0.00,,a,
630,4,0.00,,a,
631,4,0.50,,a,
632,4,0.00,0.00,i,
633,4,1.50,,a,
634,4,1.00,,a,
635,4,1.00,,a,
636,4,0.00,,a,
637,4,0.50,,a,
638,4,0.50,,a,
639,4,2.00,,a,
640,4,3.00,,a,
641,4,0.50,,a,
642,4,1.00,,a,
643,4,4.00,,a,
644,4,3.00,,a,
645,4,0.00,,a,
646,4,1.00,,a,
647,4,0.50,,a,
648,4,0.00,,a,
649,4,6.50,,a,
650,4,4.00,,a,
651,4,0.00,,a,
652,4,0.00,0.00,i,
653,4,0.00,,a,
654,4,0.00,,a,
655,4,2.00,,a,
656,4,1.10,,a,
657,4,1.10,,a,
658,4,1.10,,a,
659,4,1.10,,a,
1,5,7.50,,a,
2,5,0.00,,a,
3,5,0.00,,a,
4,5,5.00,,a,
5,5,0.50,100.00,a,
6,5,0.00,0.00,i,
7,5,0.50,,a,
8,5,3.50,,a,
9,5,0.00,,a,
10,5,0.50,100.00,a,
11,5,0.00,100.00,a,
12,5,5.00,,a,1.00
13,5,2.60,75.00,d,
14,5,1.00,,a,
15,5,2.50,,a,3.00
16,5,0.00,,a,
17,5,1.00,,a,
18,5,0.00,0.00,u,
19,5,1.00,,a,
20,5,0.50,100.00,a,
21,5,0.00,50.00,d,
22,5,0.00,0.00,u,
23,5,0.00,0.00,u,
24,5,0.00,0.00,u,
25,5,0.50,,a,2.00
26,5,1.10,75.00,d,
27,5,0.00,0.00,u,
28,5,2.00,,a,
29,5,0.00,0.00,i,
30,5,0.00,0.00,u,
31,5,2.60,75.00,d,
32,5,-0.50,100.00,a,
33,5,1.50,,a,
34,5,0.40,75.00,d,
35,5,0.00,,a,
36,5,0.00,0.00,i,
37,5,1.00,,a,
38,5,0.00,,a,
39,5,0.00,0.00,u,
40,5,5.00,,a,
41,5,7.00,,a,1.00
42,5,0.00,,a,
43,5,3.00,100.00,a,3.00
44,5,0.00,0.00,u,
45,5,6.00,,a,
46,5,1.50,,a,
47,5,4.00,100.00,a,
48,5,0.00,0.00,i,
49,5,0.00,0.00,u,
50,5,0.00,,a,
51,5,1.00,,a,
52,5,2.20,75.00,d,
53,5,7.00,100.00,a,
54,5,2.00,100.00,a,
55,5,0.00,0.00,u,
56,5,1.00,100.00,a,
57,5,1.50,,a,
58,5,0.00,,a,
59,5,0.00,0.00,u,
60,5,3.00,,a,
61,5,2.50,,a,
62,5,0.00,,a,
63,5,0.00,0.00,i,
64,5,1.00,,a,
65,5,0.00,0.00,i,
66,5,0.00,100.00,a,
67,5,2.00,,a,
68,5,5.00,,a,3.00
69,5,0.00,0.00,i,
70,5,0.00,0.00,i,2.00
71,5,0.50,,a,
72,5,1.00,,a,
73,5,3.00,100.00,a,
74,5,0.50,100.00,a,
75,5,1.50,100.00,a,
76,5,0.50,,a,
77,5,0.00,0.00,i,
78,5,0.00,0.00,i,1.00
79,5,3.50,,a,
80,5,0.00,0.00,u,
81,5,0.50,100.00,a,
82,5,4.50,,a,
83,5,0.00,,a,
84,5,0.00,0.00,i,
85,5,0.00,0.00,i,
86,5,2.00,,a,
87,5,4.00,,a,
88,5,3.50,,a,
89,5,0.00,,a,
90,5,1.00,,a,
91,5,5.00,,a,
92,5,0.00,,a,
93,5,8.50,,a,
94,5,12.00,,a,2.00
95,5,1.00,,a,
96,5,1.50,75.00,d,
97,5,0.00,0.00,i,3.00
98,5,3.50,,a,
99,5,0.00,0.00,i,
100,5,3.00,100.00,a,
101,5,1.00,100.00,a,
102,5,3.50,,a,
103,5,0.00,0.00,i,
104,5,2.50,100.00,a,
105,5,5.50,,a,
106,5,3.00,,a,1.00
107,5,0.00,0.00,i,
108,5,0.00,,a,
109,5,7.00,,a,
110,5,5.50,,a,
111,5,0.00,,a,
112,5,7.00,100.00,a,
113,5,5.50,100.00,a,
114,5,6.00,,a,
115,5,8.50,,a,
116,5,6.00,100.00,a,
117,5,0.00,,a,
118,5,0.00,0.00,u,
119,5,1.00,,a,
120,5,0.50,,a,
121,5,0.00,0.00,i,
122,5,0.00,0.00,i,
123,5,0.00,50.00,d,
124,5,15.50,,a,1.00
125,5,0.50,100.00,a,
126,5,1.00,,a,3.00
127,5,5.50,,a,
128,5,0.00,0.00,u,
129,5,5.50,100.00,a,
130,5,0.00,0.00,i,
131,5,0.00,100.00,a,
132,5,0.00,0.00,u,
133,5,0.00,0.00,u,
134,5,0.00,,a,
135,5,0.00,0.00,i,
136,5,1.50,100.00,a,
137,5,0.00,0.00,i,
138,5,10.00,,a,
139,5,0.00,0.00,i,
140,5,0.00,0.00,u,
141,5,0.00,0.00,u,
142,5,0.50,100.00,a,
143,5,0.00,0.00,u,
144,5,0.50,,a,
145,5,2.50,100.00,a,
146,5,0.00,0.00,u,
147,5,0.50,,a,
148,5,0.00,,a,
149,5,1.00,,a,
150,5,0.00,0.00,u,
151,5,0.00,,a,
152,5,0.00,100.00,a,
153,5,0.00,0.00,s,
154,5,3.50,100.00,a,1.00
155,5,4.50,,a,
156,5,2.00,,a,
157,5,1.00,,a,2.00
158,5,0.00,0.00,i,
159,5,0.00,100.00,a,
160,5,0.00,,a,
161,5,1.00,,a,
162,5,0.00,,a,
163,5,0.00,0.00,u,
164,5,0.50,100.00,a,
165,5,6.00,100.00,a,
166,5,3.00,,a,2.00
167,5,3.00,,a,3.00
168,5,0.00,0.00,u,
169,5,0.00,,a,
170,5,0.00,0.00,i,
171,5,0.00,0.00,u,
172,5,0.00,,a,
173,5,4.50,,a,
174,5,0.00,0.00,u,
175,5,0.00,75.00,d,
176,5,7.50,,a,
177,5,0.00,50.00,d,
178,5,0.00,,a,
179,5,0.50,,a,
180,5,0.00,0.00,i,
181,5,0.00,0.00,u,
182,5,0.00,0.00,i,
183,5,3.50,100.00,a,
184,5,2.50,,a,3.00
185,5,0.00,,a,
186,5,1.00,100.00,a,
187,5,0.00,0.00,i,
188,5,0.50,,a,2.00
189,5,0.00,,a,
190,5,0.50,,a,
191,5,0.00,0.00,u,
192,5,0.00,0.00,u,
193,5,0.00,0.00,i,1.00
194,5,2.50,,a,4.00
195,5,0.50,,a,
196,5,0.00,0.00,u,
197,5,0.00,0.00,u,
198,5,0.00,0.00,i,
199,5,4.00,,a,
200,5,2.00,,a,
201,5,2.00,,a,
202,5,5.00,,a,
203,5,4.00,,a,
204,5,4.00,,a,
205,5,0.00,0.00,u,
206,5,0.00,0.00,i,
207,5,0.00,,a,
208,5,0.50,100.00,a,2.00
209,5,3.00,,a,
210,5,2.00,100.00,a,
211,5,1.50,,a,
212,5,0.50,,a,
213,5,0.50,,a,
214,5,5.50,,a,
215,5,0.00,0.00,u,3.00
216,5,0.00,0.00,u,
217,5,0.00,0.00,u,
218,5,0.00,,a,
219,5,0.00,0.00,u,
220,5,0.00,0.00,u,
221,5,0.00,,a,
222,5,5.00,,a,
223,5,0.00,0.00,i,1.00
224,5,0.50,100.00,a,
225,5,0.00,0.00,u,
226,5,7.00,,a,
227,5,0.00,,a,
228,5,0.00,,a,
229,5,11.00,,a,
230,5,7.00,,a,
231,5,0.00,,a,
232,5,1.00,,a,
233,5,6.00,75.00,d,
234,5,0.00,0.00,u,
235,5,0.00,0.00,u,
236,5,2.50,,a,
237,5,3.00,,a,
238,5,2.00,100.00,a,
239,5,3.50,100.00,a,2.00
240,5,0.50,100.00,a,
241,5,0.00,,a,
242,5,2.00,,a,
243,5,0.00,,a,
244,5,2.50,100.00,a,
245,5,0.50,,a,
246,5,0.00,50.00,d,
247,5,1.00,100.00,a,
248,5,0.00,0.00,u,
249,5,4.00,,a,1.00
250,5,6.00,,a,
251,5,0.00,,a,
252,5,0.00,0.00,u,
253,5,0.50,100.00,a,
254,5,3.00,75.00,d,2.00
255,5,0.00,,a,
256,5,0.00,100.00,a,
257,5,6.00,,a,
258,5,3.50,,a,
259,5,2.50,,a,
260,5,0.40,75.00,d,
261,5,4.00,,a,3.00
262,5,0.50,,a,
263,5,1.00,,a,
264,5,3.00,,a,
265,5,3.00,,a,
266,5,0.00,0.00,i,
267,5,1.50,,a,
268,5,2.50,,a,
269,5,0.00,100.00,a,
270,5,0.00,,a,
271,5,0.50,,a,
272,5,0.00,,a,
273,5,0.00,,a,
274,5,0.00,0.00,i,
275,5,0.00,0.00,u,
276,5,0.00,0.00,u,
277,5,1.50,,a,
278,5,0.00,0.00,i,
279,5,1.00,100.00,a,
280,5,1.00,100.00,a,
281,5,0.00,0.00,u,
282,5,2.00,,a,
283,5,0.00,0.00,u,
284,5,0.00,,a,
285,5,0.00,100.00,a,
286,5,8.50,,a,
287,5,0.00,0.00,u,
288,5,0.00,,a,
289,5,0.50,100.00,a,
290,5,2.00,,a,
291,5,0.00,0.00,i,
292,5,0.00,,a,
293,5,0.00,0.00,u,
294,5,0.00,100.00,a,
295,5,2.50,,a,1.00
296,5,0.00,0.00,u,
297,5,0.00,0.00,i,
298,5,0.00,0.00,u,
299,5,0.00,0.00,u,
300,5,1.00,,a,
301,5,0.00,,a,
302,5,0.00,,a,
303,5,0.00,,a,
304,5,1.50,,a,
305,5,8.00,,a,
306,5,0.50,,a,
307,5,0.00,0.00,u,
308,5,0.00,,a,
309,5,0.00,,a,
310,5,0.00,100.00,a,
311,5,0.00,0.00,u,
312,5,0.00,100.00,a,
313,5,1.50,,a,1.00
314,5,0.00,0.00,u,
315,5,0.00,0.00,s,
316,5,7.00,100.00,a,2.00
317,5,0.00,0.00,u,
318,5,1.00,100.00,a,3.00
319,5,0.00,0.00,u,
320,5,0.50,,a,
321,5,0.00,,a,
322,5,0.00,0.00,u,
323,5,0.00,,a,
324,5,0.00,,a,
325,5,0.00,75.00,d,
326,5,0.00,0.00,u,
327,5,0.00,,a,
328,5,2.20,75.00,d,
329,5,0.00,0.00,i,
330,5,10.00,,a,
331,5,6.00,100.00,a,
332,5,5.00,,a,
333,5,0.00,0.00,u,
334,5,6.50,,a,
335,5,4.00,,a,
336,5,6.00,,a,
337,5,1.00,,a,
338,5,6.00,,a,
339,5,0.50,,a,
340,5,0.50,100.00,a,
341,5,0.00,0.00,u,
342,5,0.00,0.00,u,
343,5,0.00,0.00,i,
344,5,0.00,100.00,a,
345,5,4.00,,a,
346,5,6.00,,a,1.00
347,5,1.00,,a,2.00
348,5,0.00,0.00,u,3.00
349,5,0.00,0.00,i,
350,5,8.50,,a,
351,5,0.00,,a,
352,5,0.00,,a,
353,5,0.00,0.00,u,
354,5,0.00,0.00,i,
355,5,0.00,,a,
356,5,8.00,,a,
357,5,0.50,,a,
358,5,3.50,,a,
359,5,0.00,100.00,a,
360,5,0.00,0.00,i,
361,5,0.00,,a,
362,5,7.50,100.00,a,
363,5,0.00,0.00,i,
364,5,0.50,,a,
365,5,0.00,0.00,u,
366,5,4.50,,a,4.00
367,5,0.00,0.00,i,3.00
368,5,2.50,,a,1.00
369,5,0.50,,a,
370,5,0.00,25.00,d,
371,5,1.00,,a,
372,5,3.00,,a,5.00
373,5,0.00,0.00,u,
374,5,0.00,100.00,a,
375,5,0.50,,a,
376,5,0.00,0.00,u,
377,5,1.00,,a,
378,5,0.00,,a,
379,5,0.00,0.00,i,2.00
380,5,0.00,0.00,i,
381,5,0.50,,a,
382,5,0.00,100.00,a,
383,5,0.00,0.00,u,
384,5,4.50,,a,
385,5,6.50,,a,
386,5,0.00,,a,
387,5,0.80,75.00,d,
388,5,5.00,,a,
389,5,5.00,100.00,a,4.00
390,5,3.50,,a,
391,5,7.50,,a,
392,5,0.00,,a,
393,5,0.00,,a,
394,5,0.00,0.00,u,
395,5,0.00,,a,
396,5,0.00,,a,
397,5,7.50,75.00,d,2.00
398,5,0.00,0.00,s,
399,5,4.50,,a,
400,5,0.50,100.00,a,3.00
401,5,2.00,,a,2.00
402,5,0.00,0.00,u,
403,5,2.50,100.00,a,
404,5,0.00,0.00,u,
405,5,0.50,100.00,a,
406,5,0.00,,a,
407,5,0.00,0.00,u,
408,5,0.00,0.00,u,
409,5,0.00,0.00,u,
410,5,0.00,0.00,u,
411,5,7.50,,a,1.00
412,5,3.00,,a,
413,5,0.00,0.00,u,
414,5,0.00,0.00,i,
415,5,0.00,0.00,i,
416,5,0.00,0.00,i,
417,5,2.00,,a,
418,5,1.50,,a,
419,5,1.00,100.00,a,
420,5,0.00,,a,
421,5,0.00,,a,
422,5,0.00,75.00,d,
423,5,1.00,100.00,a,
424,5,0.00,,a,
425,5,0.00,0.00,u,
426,5,2.00,,a,1.00
427,5,2.00,,a,2.00
428,5,6.00,,a,
429,5,1.50,75.00,d,
430,5,0.50,100.00,a,
431,5,0.00,0.00,i,
432,5,3.00,75.00,d,
433,5,0.00,0.00,i,
434,5,0.00,,a,
435,5,0.00,,a,
436,5,0.00,0.00,u,
437,5,0.00,,a,
438,5,0.00,,a,
439,5,0.00,0.00,i,
440,5,1.00,,a,
441,5,0.00,0.00,u,
442,5,0.00,,a,
443,5,0.00,,a,
444,5,0.00,0.00,i,
445,5,3.00,,a,
446,5,0.50,100.00,a,
447,5,3.00,,a,
448,5,0.00,0.00,i,
449,5,6.50,,a,
450,5,0.80,50.00,d,
451,5,0.00,0.00,u,
452,5,4.00,100.00,a,4.00
453,5,5.50,,a,
454,5,0.00,0.00,i,
455,5,2.50,100.00,a,
456,5,0.00,0.00,i,
457,5,0.50,,a,
458,5,0.00,75.00,d,
459,5,1.50,75.00,d,
460,5,5.50,,a,
461,5,3.50,,a,
462,5,2.50,,a,
463,5,0.00,0.00,u,
464,5,1.00,,a,2.00
465,5,0.00,50.00,d,1.00
466,5,0.00,0.00,u,
467,5,2.50,,a,
468,5,0.00,,a,
469,5,1.00,50.00,d,
470,5,0.00,0.00,u,
471,5,0.00,0.00,i,
472,5,5.00,100.00,a,
473,5,1.00,,a,
474,5,0.50,100.00,a,
475,5,0.00,0.00,i,
476,5,0.00,,a,
477,5,0.00,0.00,u,
478,5,0.50,,a,
479,5,0.00,0.00,u,
480,5,5.00,100.00,a,1.00
481,5,3.50,100.00,a,
482,5,0.00,100.00,a,
483,5,1.00,,a,
484,5,0.00,0.00,u,
485,5,0.00,0.00,u,
486,5,2.50,,a,
487,5,0.00,,a,
488,5,1.00,100.00,a,
489,5,0.00,100.00,a,
490,5,1.00,,a,2.00
491,5,0.00,0.00,i,4.00
492,5,0.00,0.00,s,5.00
493,5,0.00,,a,
494,5,0.00,0.00,u,
495,5,0.00,,a,
496,5,4.50,,a,
497,5,0.00,,a,
498,5,0.00,,a,
499,5,0.00,0.00,i,
500,5,0.00,0.00,u,
501,5,0.50,,a,
502,5,5.50,,a,
503,5,3.50,100.00,a,
504,5,7.00,,a,
505,5,0.00,0.00,u,
506,5,0.00,100.00,a,
507,5,0.00,0.00,u,
508,5,0.00,,a,
509,5,0.00,,a,
510,5,0.00,,a,
511,5,0.00,0.00,u,
512,5,2.50,100.00,a,3.00
513,5,0.00,0.00,i,4.00
514,5,0.50,,a,
515,5,1.00,100.00,a,
516,5,3.50,,a,
517,5,0.00,0.00,i,
518,5,0.00,0.00,u,
519,5,3.00,,a,
520,5,1.00,,a,
521,5,0.00,0.00,i,
522,5,2.50,,a,
523,5,0.00,0.00,u,
524,5,0.00,,a,
525,5,2.00,,a,
526,5,2.00,,a,1.00
527,5,0.00,0.00,u,
528,5,0.00,0.00,u,
529,5,1.00,,a,
530,5,0.00,0.00,u,
531,5,0.00,,a,
532,5,0.00,0.00,i,
533,5,0.00,100.00,a,
534,5,0.50,,a,
535,5,0.00,100.00,a,
536,5,-1.00,100.00,a,
537,5,0.00,0.00,u,
538,5,0.00,0.00,u,
539,5,0.00,,a,
540,5,0.00,0.00,u,
541,5,2.50,100.00,a,
542,5,2.50,,a,2.00
543,5,0.00,0.00,i,1.00
544,5,1.50,,a,
545,5,2.00,,a,
546,5,0.00,0.00,u,
547,5,0.00,0.00,i,
548,5,0.00,,a,
549,5,0.00,,a,
550,5,0.00,,a,
551,5,3.00,,a,
552,5,0.00,0.00,i,
553,5,1.00,,a,
554,5,0.00,0.00,u,
555,5,0.00,,a,
556,5,0.00,0.00,i,
557,5,0.00,0.00,i,
558,5,2.50,,a,
559,5,1.00,,a,
560,5,0.00,,a,
561,5,0.00,100.00,a,
562,5,1.00,,a,
563,5,0.00,100.00,a,
564,5,0.50,,a,
565,5,2.00,,a,
566,5,3.00,,a,
567,5,2.00,,a,
568,5,1.00,,a,
569,5,2.00,,a,1.00
570,5,0.50,,a,
571,5,1.00,100.00,a,
572,5,4.00,,a,
573,5,0.00,,a,
574,5,0.00,,a,
575,5,2.00,,a,
576,5,0.50,,a,
577,5,0.00,0.00,i,
578,5,0.00,0.00,i,
579,5,6.50,,a,
580,5,4.50,,a,
581,5,3.00,,a,
582,5,0.00,75.00,d,
583,5,1.00,,a,
584,5,0.00,,a,
585,5,1.00,,a,
586,5,0.50,100.00,a,
587,5,0.00,,a,
588,5,6.50,100.00,a,
589,5,0.50,,a,
590,5,0.00,,a,
591,5,2.00,100.00,a,
592,5,1.50,,a,
593,5,0.00,50.00,d,
594,5,0.00,,a,2.00
595,5,0.50,,a,
596,5,1.50,,a,
597,5,2.00,,a,
598,5,4.00,,a,
599,5,0.50,,a,
600,5,0.50,,a,
601,5,0.00,,a,
602,5,0.00,0.00,u,
603,5,0.00,,a,
604,5,0.00,,a,
605,5,4.50,,a,
606,5,0.00,,a,
607,5,0.00,0.00,u,
608,5,0.50,,a,
609,5,0.00,0.00,u,
610,5,0.00,0.00,u,
611,5,2.00,,a,
612,5,-0.50,100.00,a,
613,5,0.00,,a,
614,5,0.00,,a,
615,5,0.00,,a,
616,5,0.00,,a,
617,5,3.50,,a,
618,5,0.00,0.00,i,
619,5,3.00,,a,
620,5,1.00,,a,
621,5,0.00,,a,
622,5,0.00,,a,
623,5,0.00,,a,
624,5,0.00,0.00,u,
625,5,0.00,,a,
626,5,0.00,,a,
627,5,3.00,,a,
628,5,0.00,,a,
629,5,0.00,,a,
630,5,0.00,,a,
631,5,1.00,,a,
632,5,0.00,0.00,i,
633,5,1.50,,a,
634,5,1.50,,a,
635,5,1.00,,a,
636,5,0.00,,a,
637,5,1.00,,a,
638,5,0.00,100.00,a,
639,5,6.00,,a,
640,5,2.50,,a,
641,5,0.50,,a,
642,5,1.50,,a,
643,5,0.50,,a,
644,5,3.50,,a,
645,5,0.00,,a,
646,5,1.00,,a,
647,5,0.00,,a,
648,5,0.40,75.00,d,
649,5,7.00,,a,
650,5,6.00,,a,
651,5,0.00,,a,
652,5,0.00,0.00,i,
653,5,0.00,,a,
654,5,0.00,,a,
655,5,0.00,,a,
656,5,3.00,,a,
657,5,0.00,,a,
658,5,0.00,,a,
659,5,0.00,,a,
660,5,1.10,,a,
661,5,1.00,,a,
662,5,1.10,,a,
663,5,1.10,,a,
664,5,1.00,,a,
665,5,1.10,,a,
666,5,1.10,,a,
667,5,1.00,,a,
1,6,7.50,,a,
2,6,0.00,,a,
3,6,0.00,,a,
4,6,5.00,,a,
5,6,0.50,100.00,a,
6,6,0.00,0.00,i,
7,6,0.50,,a,
8,6,3.50,,a,
9,6,0.00,,a,
10,6,0.50,100.00,a,
11,6,0.00,100.00,a,
12,6,5.00,,a,1.00
13,6,2.60,75.00,d,
14,6,1.00,,a,
15,6,2.50,,a,3.00
16,6,0.00,,a,
17,6,1.00,,a,
18,6,0.00,0.00,u,
19,6,1.00,,a,
20,6,0.50,100.00,a,
21,6,0.00,50.00,d,
22,6,0.00,0.00,u,
23,6,0.00,0.00,u,
24,6,0.00,0.00,u,
25,6,0.50,,a,2.00
26,6,1.10,75.00,d,
27,6,0.00,0.00,u,
28,6,2.00,,a,
29,6,0.00,75.00,d,
30,6,0.00,0.00,u,
31,6,2.60,75.00,d,
32,6,-0.50,100.00,a,
33,6,1.50,,a,
34,6,0.40,75.00,d,
35,6,0.00,,a,
36,6,0.00,0.00,i,
37,6,1.00,,a,
38,6,0.00,,a,
39,6,0.00,0.00,u,
40,6,5.00,,a,
41,6,7.00,,a,1.00
42,6,0.00,,a,
43,6,3.00,100.00,a,3.00
44,6,0.00,0.00,u,
45,6,6.00,,a,
46,6,1.50,,a,
47,6,4.00,100.00,a,
48,6,0.00,0.00,i,
49,6,0.00,0.00,u,
50,6,0.00,,a,
51,6,1.00,,a,
52,6,2.20,75.00,d,
53,6,7.00,100.00,a,
54,6,2.00,100.00,a,
55,6,0.00,0.00,u,
56,6,1.00,100.00,a,
57,6,1.50,,a,
58,6,0.00,,a,
59,6,0.00,0.00,u,
60,6,3.00,,a,
61,6,2.50,,a,
62,6,0.00,,a,
63,6,0.00,0.00,i,
64,6,1.00,,a,
65,6,0.00,0.00,i,
66,6,0.00,100.00,a,
67,6,2.00,,a,
68,6,5.00,,a,3.00
69,6,0.00,0.00,i,
70,6,0.00,0.00,i,2.00
71,6,0.50,,a,
72,6,1.00,,a,
73,6,3.00,100.00,a,
74,6,0.50,100.00,a,
75,6,1.50,100.00,a,
76,6,0.50,,a,
77,6,0.00,0.00,i,
78,6,0.00,0.00,i,1.00
79,6,3.50,,a,
80,6,0.00,0.00,u,
81,6,0.50,100.00,a,
82,6,4.50,,a,
83,6,0.00,,a,
84,6,0.00,0.00,i,
85,6,0.00,0.00,i,
86,6,2.00,,a,
87,6,4.00,,a,
88,6,3.50,,a,
89,6,0.00,,a,
90,6,1.00,,a,
91,6,5.00,,a,
92,6,0.00,,a,
93,6,8.50,,a,
94,6,12.00,,a,2.00
95,6,1.00,,a,
96,6,1.50,75.00,d,
97,6,0.00,0.00,i,3.00
98,6,3.50,,a,
99,6,0.00,0.00,i,
100,6,3.00,100.00,a,
101,6,1.00,100.00,a,
102,6,3.50,,a,
103,6,0.00,0.00,i,
104,6,2.50,100.00,a,
105,6,5.50,,a,
106,6,3.00,,a,1.00
107,6,0.00,0.00,i,
108,6,0.00,,a,
109,6,7.00,,a,
110,6,5.50,,a,
111,6,0.00,,a,
112,6,7.00,100.00,a,
113,6,5.50,100.00,a,
114,6,6.00,,a,
115,6,8.50,,a,
116,6,6.00,100.00,a,
117,6,0.00,,a,
118,6,0.00,0.00,u,
119,6,1.00,,a,
120,6,0.50,,a,
121,6,0.00,0.00,i,
122,6,0.00,0.00,i,
123,6,0.00,50.00,d,
124,6,15.50,,a,1.00
125,6,0.50,100.00,a,
126,6,1.00,,a,3.00
127,6,5.50,,a,
128,6,0.00,0.00,u,
129,6,5.50,100.00,a,
130,6,0.00,0.00,i,
131,6,0.00,100.00,a,
132,6,0.00,0.00,u,
133,6,0.00,0.00,u,
134,6,0.00,,a,
135,6,0.00,0.00,i,
136,6,1.50,100.00,a,
137,6,0.00,0.00,i,
138,6,10.00,,a,
139,6,0.00,0.00,i,
140,6,0.00,0.00,u,
141,6,0.00,0.00,u,
142,6,0.50,100.00,a,
143,6,0.00,0.00,u,
144,6,0.50,,a,
145,6,2.50,100.00,a,
146,6,0.00,0.00,u,
147,6,0.50,,a,
148,6,0.00,,a,
149,6,1.00,,a,
150,6,0.00,0.00,u,
151,6,0.00,,a,
152,6,0.00,100.00,a,
153,6,0.00,0.00,s,
154,6,3.50,100.00,a,1.00
155,6,4.50,,a,
156,6,2.00,,a,
157,6,1.00,,a,2.00
158,6,0.00,0.00,i,
159,6,0.00,100.00,a,
160,6,0.00,,a,
161,6,1.00,,a,
162,6,0.00,,a,
163,6,0.00,0.00,u,
164,6,0.50,100.00,a,
165,6,6.00,100.00,a,
166,6,3.00,,a,2.00
167,6,3.00,,a,3.00
168,6,0.00,0.00,u,
169,6,0.00,,a,
170,6,0.00,0.00,i,
171,6,0.00,0.00,u,
172,6,0.00,,a,
173,6,4.50,,a,
174,6,0.00,0.00,u,
175,6,0.00,75.00,d,
176,6,7.50,,a,
177,6,0.00,50.00,d,
178,6,0.00,,a,
179,6,0.50,,a,
180,6,0.00,0.00,i,
181,6,0.00,0.00,u,
182,6,0.00,0.00,i,
183,6,3.50,100.00,a,
184,6,2.50,,a,3.00
185,6,0.00,,a,
186,6,1.00,100.00,a,
187,6,0.00,0.00,i,
188,6,0.50,,a,2.00
189,6,0.00,,a,
190,6,0.50,,a,
191,6,0.00,0.00,u,
192,6,0.00,0.00,u,
193,6,0.00,0.00,i,1.00
194,6,2.50,,a,4.00
195,6,0.50,,a,
196,6,0.00,0.00,u,
197,6,0.00,0.00,u,
198,6,0.00,0.00,i,
199,6,4.00,,a,
200,6,2.00,,a,
201,6,2.00,,a,
202,6,5.00,,a,
203,6,4.00,,a,
204,6,4.00,,a,
205,6,0.00,0.00,u,
206,6,0.00,0.00,i,
207,6,0.00,,a,
208,6,0.50,100.00,a,2.00
209,6,3.00,,a,
210,6,2.00,100.00,a,
211,6,1.50,,a,
212,6,0.50,,a,
213,6,0.50,,a,
214,6,5.50,,a,
215,6,0.00,0.00,u,3.00
216,6,0.00,0.00,u,
217,6,0.00,0.00,u,
218,6,0.00,,a,
219,6,0.00,0.00,u,
220,6,0.00,0.00,u,
221,6,0.00,,a,
222,6,5.00,,a,
223,6,0.00,0.00,i,1.00
224,6,0.50,100.00,a,
225,6,0.00,0.00,u,
226,6,7.00,,a,
227,6,0.00,,a,
228,6,0.00,,a,
229,6,11.00,,a,
230,6,7.00,,a,
231,6,0.00,,a,
232,6,1.00,,a,
233,6,6.00,75.00,d,
234,6,0.00,0.00,u,
235,6,0.00,0.00,u,
236,6,2.50,,a,
237,6,3.00,,a,
238,6,2.00,100.00,a,
239,6,3.50,100.00,a,2.00
240,6,0.50,100.00,a,
241,6,0.00,,a,
242,6,2.00,,a,
243,6,0.00,,a,
244,6,2.50,100.00,a,
245,6,0.50,,a,
246,6,0.00,50.00,d,
247,6,1.00,100.00,a,
248,6,0.00,0.00,u,
249,6,4.00,,a,1.00
250,6,6.00,,a,
251,6,0.00,,a,
252,6,0.00,0.00,u,
253,6,0.50,100.00,a,
254,6,3.00,75.00,d,2.00
255,6,0.00,,a,
256,6,0.00,100.00,a,
257,6,6.00,,a,
258,6,3.50,,a,
259,6,2.50,,a,
260,6,0.40,75.00,d,
261,6,4.00,,a,3.00
262,6,0.50,,a,
263,6,1.00,,a,
264,6,3.00,,a,
265,6,3.00,,a,
266,6,0.00,0.00,i,
267,6,1.50,,a,
268,6,2.50,,a,
269,6,0.00,100.00,a,
270,6,0.00,,a,
271,6,0.50,,a,
272,6,0.00,,a,
273,6,0.00,,a,
274,6,0.00,0.00,i,
275,6,0.00,0.00,u,
276,6,0.00,0.00,u,
277,6,1.50,,a,
278,6,0.00,0.00,i,
279,6,1.00,100.00,a,
280,6,1.00,100.00,a,
281,6,0.00,0.00,u,
282,6,2.00,,a,
283,6,0.00,0.00,u,
284,6,0.00,,a,
285,6,0.00,100.00,a,
286,6,8.50,,a,
287,6,0.00,0.00,u,
288,6,0.00,,a,
289,6,0.50,100.00,a,
290,6,2.00,,a,
291,6,0.00,0.00,i,
292,6,0.00,,a,
293,6,0.00,0.00,u,
294,6,0.00,100.00,a,
295,6,2.50,,a,1.00
296,6,0.00,0.00,u,
297,6,0.00,0.00,i,
298,6,0.00,0.00,u,
299,6,0.00,0.00,u,
300,6,1.00,,a,
301,6,0.00,,a,
302,6,0.00,,a,
303,6,0.00,,a,
304,6,1.50,,a,
305,6,8.00,,a,
306,6,0.50,,a,
307,6,0.00,0.00,u,
308,6,0.00,,a,
309,6,0.00,,a,
310,6,0.00,100.00,a,
311,6,0.00,0.00,u,
312,6,0.00,100.00,a,
313,6,1.50,,a,1.00
314,6,0.00,0.00,u,
315,6,0.00,0.00,s,
316,6,7.00,100.00,a,2.00
317,6,0.00,0.00,u,
318,6,1.00,100.00,a,3.00
319,6,0.00,0.00,u,
320,6,0.50,,a,
321,6,0.00,,a,
322,6,0.00,0.00,u,
323,6,0.00,,a,
324,6,0.00,,a,
325,6,0.00,75.00,d,
326,6,0.00,0.00,u,
327,6,0.00,,a,
328,6,2.20,75.00,d,
329,6,0.00,0.00,i,
330,6,10.00,,a,
331,6,6.00,100.00,a,
332,6,5.00,,a,
333,6,0.00,0.00,u,
334,6,6.50,,a,
335,6,4.00,,a,
336,6,6.00,,a,
337,6,1.00,,a,
338,6,6.00,,a,
339,6,0.50,,a,
340,6,0.50,100.00,a,
341,6,0.00,0.00,u,
342,6,0.00,0.00,u,
343,6,0.00,0.00,i,
344,6,0.00,100.00,a,
345,6,4.00,,a,
346,6,6.00,,a,1.00
347,6,1.00,,a,2.00
348,6,0.00,0.00,u,3.00
349,6,0.00,0.00,i,
350,6,8.50,,a,
351,6,0.00,,a,
352,6,0.00,,a,
353,6,0.00,0.00,u,
354,6,0.00,0.00,i,
355,6,0.00,,a,
356,6,8.00,,a,
357,6,0.50,,a,
358,6,3.50,,a,
359,6,0.00,100.00,a,
360,6,0.00,0.00,i,
361,6,0.00,,a,
362,6,7.50,100.00,a,
363,6,0.00,0.00,i,
364,6,0.50,,a,
365,6,0.00,0.00,u,
366,6,4.50,,a,4.00
367,6,0.00,0.00,i,3.00
368,6,2.50,,a,1.00
369,6,0.50,,a,
370,6,0.00,25.00,d,
371,6,1.00,,a,
372,6,3.00,,a,5.00
373,6,0.00,0.00,u,
374,6,0.00,100.00,a,
375,6,0.50,,a,
376,6,0.00,0.00,u,
377,6,1.00,,a,
378,6,0.00,,a,
379,6,0.00,0.00,i,2.00
380,6,0.00,0.00,i,
381,6,0.50,,a,
382,6,0.00,100.00,a,
383,6,0.00,0.00,u,
384,6,4.50,,a,
385,6,6.50,,a,
386,6,0.00,,a,
387,6,0.80,75.00,d,
388,6,5.00,,a,
389,6,5.00,100.00,a,4.00
390,6,3.50,,a,
391,6,7.50,,a,
392,6,0.00,,a,
393,6,0.00,,a,
394,6,0.00,0.00,u,
395,6,0.00,,a,
396,6,0.00,,a,
397,6,7.50,75.00,d,2.00
398,6,0.00,0.00,s,
399,6,4.50,,a,
400,6,0.50,100.00,a,3.00
401,6,2.00,,a,2.00
402,6,0.00,0.00,u,
403,6,2.50,100.00,a,
404,6,0.00,0.00,u,
405,6,0.50,100.00,a,
406,6,0.00,,a,
407,6,0.00,0.00,u,
408,6,0.00,0.00,u,
409,6,0.00,0.00,u,
410,6,0.00,0.00,u,
411,6,7.50,,a,1.00
412,6,3.00,,a,
413,6,0.00,0.00,u,
414,6,0.00,0.00,i,
415,6,0.00,0.00,i,
416,6,0.00,0.00,i,
417,6,2.00,,a,
418,6,1.50,,a,
419,6,1.00,100.00,a,
420,6,0.00,,a,
421,6,0.00,,a,
422,6,0.00,75.00,d,
423,6,1.00,100.00,a,
424,6,0.00,,a,
425,6,0.00,0.00,u,
426,6,2.00,,a,1.00
427,6,2.00,,a,2.00
428,6,6.00,,a,
429,6,1.50,75.00,d,
430,6,0.50,100.00,a,
431,6,0.00,0.00,i,
432,6,3.00,75.00,d,
433,6,0.00,0.00,i,
434,6,0.00,,a,
435,6,0.00,,a,
436,6,0.00,0.00,u,
437,6,0.00,,a,
438,6,0.00,,a,
439,6,0.00,0.00,i,
440,6,1.00,,a,
441,6,0.00,0.00,u,
442,6,0.00,,a,
443,6,0.00,,a,
444,6,0.00,0.00,i,
445,6,3.00,,a,
446,6,0.50,100.00,a,
447,6,3.00,,a,
448,6,0.00,0.00,i,
449,6,6.50,,a,
450,6,0.80,50.00,d,
451,6,0.00,0.00,u,
452,6,4.00,100.00,a,4.00
453,6,5.50,,a,
454,6,0.00,0.00,i,
455,6,2.50,100.00,a,
456,6,0.00,0.00,i,
457,6,0.50,,a,
458,6,0.00,75.00,d,
459,6,1.50,75.00,d,
460,6,5.50,,a,
461,6,3.50,,a,
462,6,2.50,,a,
463,6,0.00,0.00,u,
464,6,1.00,,a,2.00
465,6,0.00,50.00,d,1.00
466,6,0.00,0.00,u,
467,6,2.50,,a,
468,6,0.00,,a,
469,6,1.00,50.00,d,
470,6,0.00,0.00,u,
471,6,0.00,0.00,i,
472,6,5.00,100.00,a,
473,6,1.00,,a,
474,6,0.50,100.00,a,
475,6,0.00,0.00,i,
476,6,0.00,,a,
477,6,0.00,0.00,u,
478,6,0.50,,a,
479,6,0.00,0.00,u,
480,6,5.00,100.00,a,1.00
481,6,3.50,100.00,a,
482,6,0.00,100.00,a,
483,6,1.00,,a,
484,6,0.00,0.00,u,
485,6,0.00,0.00,u,
486,6,2.50,,a,
487,6,0.00,,a,
488,6,1.00,100.00,a,
489,6,0.00,100.00,a,
490,6,1.00,,a,2.00
491,6,0.00,0.00,i,4.00
492,6,0.00,0.00,s,5.00
493,6,0.00,,a,
494,6,0.00,0.00,u,
495,6,0.00,,a,
496,6,4.50,,a,
497,6,0.00,,a,
498,6,0.00,,a,
499,6,0.00,0.00,i,
500,6,0.00,0.00,u,
501,6,0.50,,a,
502,6,5.50,,a,
503,6,3.50,100.00,a,
504,6,7.00,,a,
505,6,0.00,0.00,u,
506,6,0.00,100.00,a,
507,6,0.00,0.00,u,
508,6,0.00,,a,
509,6,0.00,,a,
510,6,0.00,,a,
511,6,0.00,0.00,u,
512,6,2.50,100.00,a,3.00
513,6,0.00,0.00,i,4.00
514,6,0.50,,a,
515,6,1.00,100.00,a,
516,6,3.50,,a,
517,6,0.00,0.00,i,
518,6,0.00,0.00,u,
519,6,3.00,,a,
520,6,1.00,,a,
521,6,0.00,0.00,i,
522,6,2.50,,a,
523,6,0.00,0.00,u,
524,6,0.00,,a,
525,6,2.00,,a,
526,6,2.00,,a,1.00
527,6,0.00,0.00,u,
528,6,0.00,0.00,u,
529,6,1.00,,a,
530,6,0.00,0.00,u,
531,6,0.00,,a,
532,6,0.00,0.00,i,
533,6,0.00,100.00,a,
534,6,0.50,,a,
535,6,0.00,100.00,a,
536,6,-1.00,100.00,a,
537,6,0.00,0.00,u,
538,6,0.00,0.00,u,
539,6,0.00,,a,
540,6,0.00,0.00,u,
541,6,2.50,100.00,a,
542,6,2.50,,a,2.00
543,6,0.00,0.00,i,1.00
544,6,1.50,,a,
545,6,2.00,,a,
546,6,0.00,0.00,u,
547,6,0.00,0.00,i,
548,6,0.00,,a,
549,6,0.00,,a,
550,6,0.00,,a,
551,6,3.00,,a,
552,6,0.00,0.00,i,
553,6,1.00,,a,
554,6,0.00,0.00,u,
555,6,0.00,,a,
556,6,0.00,0.00,i,
557,6,0.00,0.00,i,
558,6,2.50,,a,
559,6,1.00,,a,
560,6,0.00,,a,
561,6,0.00,100.00,a,
562,6,1.00,,a,
563,6,0.00,100.00,a,
564,6,0.50,,a,
565,6,2.00,,a,
566,6,3.00,,a,
567,6,2.00,,a,
568,6,1.00,,a,
569,6,2.00,,a,1.00
570,6,0.50,,a,
571,6,1.00,100.00,a,
572,6,4.00,,a,
573,6,0.00,,a,
574,6,0.00,,a,
575,6,2.00,,a,
576,6,0.50,,a,
577,6,0.00,0.00,i,
578,6,0.00,0.00,i,
579,6,6.50,,a,
580,6,4.50,,a,
581,6,3.00,,a,
582,6,0.00,75.00,d,
583,6,1.00,,a,
584,6,0.00,,a,
585,6,1.00,,a,
586,6,0.50,100.00,a,
587,6,0.00,,a,
588,6,6.50,100.00,a,
589,6,0.50,,a,
590,6,0.00,,a,
591,6,2.00,100.00,a,
592,6,1.50,,a,
593,6,0.00,50.00,d,
594,6,0.00,,a,2.00
595,6,0.50,,a,
596,6,1.50,,a,
597,6,2.00,,a,
598,6,4.00,,a,
599,6,0.50,,a,
600,6,0.50,,a,
601,6,0.00,,a,
602,6,0.00,0.00,u,
603,6,0.00,,a,
604,6,0.00,,a,
605,6,4.50,,a,
606,6,0.00,,a,
607,6,0.00,0.00,u,
608,6,0.50,,a,
609,6,0.00,0.00,u,
610,6,0.00,0.00,u,
611,6,2.00,,a,
612,6,-0.50,100.00,a,
613,6,0.00,,a,
614,6,0.00,,a,
615,6,0.00,,a,
616,6,0.00,,a,
617,6,3.50,,a,
618,6,0.00,0.00,i,
619,6,3.00,,a,
620,6,1.00,,a,
621,6,0.00,,a,
622,6,0.00,,a,
623,6,0.00,,a,
624,6,0.00,0.00,u,
625,6,0.00,,a,
626,6,0.00,,a,
627,6,3.00,,a,
628,6,0.00,,a,
629,6,0.00,,a,
630,6,0.00,,a,
631,6,1.00,,a,
632,6,0.00,0.00,i,
633,6,1.50,,a,
634,6,1.50,,a,
635,6,1.00,,a,
636,6,0.00,,a,
637,6,1.00,,a,
638,6,0.00,100.00,a,
639,6,6.00,,a,
640,6,2.50,,a,
641,6,0.50,,a,
642,6,1.50,,a,
643,6,0.50,,a,
644,6,3.50,,a,
645,6,0.00,,a,
646,6,1.00,,a,
647,6,0.00,,a,
648,6,0.40,75.00,d,
649,6,7.00,,a,
650,6,6.00,,a,
651,6,0.00,,a,
652,6,0.00,0.00,i,
653,6,0.00,,a,
654,6,0.00,,a,
655,6,0.00,,a,
656,6,3.00,,a,
657,6,0.00,,a,
658,6,0.00,,a,
659,6,0.00,,a,
660,6,1.10,,a,
661,6,1.00,,a,
662,6,1.10,,a,
663,6,1.10,,a,
664,6,1.00,,a,
665,6,1.10,,a,
666,6,1.10,,a,
667,6,1.00,,a,
