date,home,away,hg,ag,odds_h,odds_d,odds_a,odds_over,odds_under
2003-08-16,Arsenal,Everton,2,1,1.400,3.800,8.000,1.700,2.100
2003-08-16,Birmingham,Tottenham,1,0,2.375,3.250,2.750,1.950,1.850
2003-08-16,Blackburn,Wolves,5,1,1.615,3.400,5.500,1.900,1.900
2003-08-16,Fulham,Middlesbrough,3,2,2.300,3.250,2.800,2.100,1.700
2003-08-16,Leicester,Southampton,2,2,2.500,3.200,2.600,2.000,1.800
2003-08-16,Man United,Bolton,4,0,1.286,4.500,10.000,1.660,2.200
2003-08-16,Portsmouth,Aston Villa,2,1,2.375,3.250,2.750,1.900,1.900
2003-08-17,Charlton,Man City,0,3,2.250,3.400,2.750,1.850,1.950
2003-08-17,Leeds,Newcastle,2,2,2.750,3.250,2.375,1.800,2.000
2003-08-17,Liverpool,Chelsea,1,2,2.250,3.250,2.875,1.900,1.900
2003-08-23,Bolton,Blackburn,2,2,2.500,3.300,2.500,2.000,1.800
2003-08-23,Chelsea,Leicester,2,1,1.250,5.000,10.000,1.750,2.050
2003-08-23,Everton,Fulham,3,1,1.800,3.400,4.000,2.100,1.700
2003-08-23,Man City,Portsmouth,1,1,1.667,3.600,4.500,1.900,1.900
2003-08-23,Newcastle,Man United,1,2,3.000,3.200,2.200,1.700,2.100
2003-08-23,Southampton,Birmingham,0,0,1.909,3.250,3.750,2.100,1.700
2003-08-23,Tottenham,Leeds,2,1,2.000,3.250,3.400,1.950,1.850
2003-08-23,Wolves,Charlton,0,4,2.375,3.250,2.700,2.050,1.750
2003-08-24,Aston Villa,Liverpool,0,0,3.000,3.200,2.200,2.050,1.750
2003-08-24,Middlesbrough,Arsenal,0,4,4.000,3.400,1.800,1.950,1.850
2003-08-25,Blackburn,Man City,2,3,2.000,3.250,3.400,1.900,1.900
2003-08-26,Charlton,Everton,2,2,2.375,3.200,2.750,1.950,1.850
2003-08-26,Leeds,Southampton,0,0,2.000,3.250,3.400,2.000,1.800
2003-08-26,Leicester,Middlesbrough,0,0,2.500,3.200,2.600,2.050,1.750
2003-08-26,Portsmouth,Bolton,4,0,2.100,3.250,3.200,1.950,1.850
2003-08-27,Arsenal,Aston Villa,2,0,1.286,5.000,8.500,1.800,2.000
2003-08-27,Liverpool,Tottenham,0,0,1.500,3.500,7.000,1.950,1.850
2003-08-27,Man United,Wolves,1,0,1.143,6.500,15.000,1.440,2.620
2003-08-30,Aston Villa,Leicester,3,1,1.667,3.400,5.000,2.050,1.750
2003-08-30,Bolton,Charlton,0,0,2.300,3.250,2.800,1.950,1.850
2003-08-30,Chelsea,Blackburn,2,2,1.500,3.600,6.500,1.800,2.000
2003-08-30,Everton,Liverpool,0,3,2.600,3.200,2.500,2.000,1.800
2003-08-30,Middlesbrough,Leeds,2,3,2.000,3.250,3.400,2.000,1.800
2003-08-30,Newcastle,Birmingham,0,1,1.533,3.400,6.500,1.800,2.000
2003-08-30,Tottenham,Fulham,0,3,1.667,3.400,5.000,2.000,1.800
2003-08-30,Wolves,Portsmouth,0,0,2.750,3.200,2.375,1.950,1.850
2003-08-31,Man City,Arsenal,1,2,4.000,3.400,1.800,1.800,2.000
2003-08-31,Southampton,Man United,1,0,5.000,3.400,1.667,1.750,2.050
2003-09-13,Arsenal,Portsmouth,1,1,1.280,4.500,10.000,1.610,2.250
2003-09-13,Blackburn,Liverpool,1,3,2.800,3.250,2.300,1.950,1.850
2003-09-13,Bolton,Middlesbrough,2,0,2.300,3.200,2.870,2.000,1.800
2003-09-13,Charlton,Man United,0,2,5.000,3.600,1.610,1.800,2.000
2003-09-13,Chelsea,Tottenham,4,2,1.530,3.600,6.000,1.750,2.050
2003-09-13,Everton,Newcastle,2,2,2.370,3.200,2.750,1.900,1.900
2003-09-13,Southampton,Wolves,2,0,1.610,3.400,5.500,1.950,1.850
2003-09-14,Birmingham,Fulham,2,2,1.830,3.250,4.000,2.050,1.750
2003-09-14,Man City,Aston Villa,4,1,1.830,3.250,4.000,1.900,1.900
2003-09-15,Leicester,Leeds,4,0,2.600,3.200,2.500,2.000,1.800
2003-09-20,Aston Villa,Charlton,2,1,1.900,3.250,3.750,2.000,1.800
2003-09-20,Fulham,Man City,2,2,2.300,3.250,2.800,1.900,1.900
2003-09-20,Leeds,Birmingham,0,2,2.100,3.250,3.200,2.050,1.750
2003-09-20,Liverpool,Leicester,2,1,1.300,4.500,9.500,1.800,2.000
2003-09-20,Newcastle,Bolton,0,0,1.500,3.600,6.500,1.800,2.000
2003-09-20,Portsmouth,Blackburn,1,2,2.250,3.250,2.870,1.950,1.850
2003-09-20,Tottenham,Southampton,1,3,2.000,3.250,3.400,2.000,1.800
2003-09-20,Wolves,Chelsea,0,5,6.500,3.600,1.500,1.700,2.100
2003-09-21,Man United,Arsenal,0,0,2.000,3.250,3.400,1.800,2.000
2003-09-21,Middlesbrough,Everton,1,0,2.300,3.250,2.800,1.950,1.850
2003-09-26,Arsenal,Newcastle,3,2,1.530,3.500,5.500,1.750,2.050
2003-09-27,Birmingham,Portsmouth,2,0,1.900,3.250,3.750,2.000,1.800
2003-09-27,Bolton,Wolves,1,1,1.610,3.600,5.000,1.900,1.900
2003-09-27,Chelsea,Aston Villa,1,0,1.330,4.330,8.500,1.700,2.100
2003-09-27,Leicester,Man United,1,4,6.500,3.600,1.500,1.800,2.000
2003-09-27,Southampton,Middlesbrough,0,1,1.800,3.200,4.330,2.050,1.750
2003-09-28,Blackburn,Fulham,0,2,1.800,3.400,4.000,1.850,1.950
2003-09-28,Charlton,Liverpool,3,2,4.330,3.200,1.800,1.900,1.900
2003-09-28,Everton,Leeds,4,0,1.830,3.250,4.000,1.850,1.950
2003-09-28,Man City,Tottenham,0,0,1.720,3.400,4.500,1.750,2.050
2003-10-04,Fulham,Leicester,2,0,1.610,3.600,5.000,1.800,2.000
2003-10-04,Leeds,Blackburn,2,1,2.500,3.300,2.500,1.900,1.900
2003-10-04,Liverpool,Arsenal,1,2,2.500,3.300,2.500,1.900,1.900
2003-10-04,Man United,Birmingham,3,0,1.300,4.500,9.500,1.750,2.050
2003-10-04,Newcastle,Southampton,1,0,1.720,3.500,4.330,1.950,1.850
2003-10-04,Portsmouth,Charlton,1,2,2.100,3.250,3.200,1.950,1.850
2003-10-04,Tottenham,Everton,3,0,2.250,3.250,2.870,1.900,1.900
2003-10-04,Wolves,Man City,1,0,3.250,3.500,2.000,1.800,2.000
2003-10-05,Aston Villa,Bolton,1,1,1.800,3.400,4.000,2.050,1.750
2003-10-05,Middlesbrough,Chelsea,1,2,4.330,3.500,1.720,1.900,1.900
2003-10-14,Birmingham,Chelsea,0,0,4.330,3.500,1.720,1.950,1.850
2003-10-18,Arsenal,Chelsea,2,1,2.200,3.200,3.000,1.800,2.000
2003-10-18,Fulham,Wolves,0,0,1.570,3.600,5.500,1.800,2.000
2003-10-18,Leeds,Man United,0,1,5.000,3.600,1.610,1.800,2.000
2003-10-18,Man City,Bolton,6,2,1.660,3.400,5.000,1.850,1.950
2003-10-18,Middlesbrough,Newcastle,0,1,2.500,3.300,2.500,1.950,1.850
2003-10-18,Portsmouth,Liverpool,1,0,4.000,3.250,1.830,1.900,1.900
2003-10-19,Birmingham,Aston Villa,0,0,2.250,3.000,3.100,2.150,1.660
2003-10-19,Everton,Southampton,0,0,2.000,3.250,3.400,1.900,1.900
2003-10-19,Leicester,Tottenham,1,2,2.600,3.200,2.500,1.900,1.900
2003-10-20,Blackburn,Charlton,0,1,1.900,3.250,3.750,1.850,1.950
2003-10-21,Fulham,Newcastle,2,3,2.500,3.200,2.600,1.900,1.900
2003-10-25,Aston Villa,Everton,0,0,2.000,3.250,3.400,2.000,1.800
2003-10-25,Bolton,Birmingham,0,1,2.400,3.200,2.700,2.100,1.700
2003-10-25,Chelsea,Man City,1,0,1.500,3.500,7.000,1.700,2.100
2003-10-25,Liverpool,Leeds,3,1,1.500,3.500,7.000,1.800,2.000
2003-10-25,Man United,Fulham,1,3,1.250,5.000,10.000,1.750,2.050
2003-10-25,Newcastle,Portsmouth,3,0,1.530,3.600,6.000,1.850,1.950
2003-10-25,Southampton,Blackburn,2,0,2.000,3.250,3.400,1.950,1.850
2003-10-25,Wolves,Leicester,4,3,2.100,3.250,3.200,2.000,1.800
2003-10-26,Charlton,Arsenal,1,1,5.000,3.600,1.610,1.800,2.000
2003-10-26,Tottenham,Middlesbrough,0,0,1.830,3.250,4.000,1.900,1.900
2003-11-01,Everton,Chelsea,0,1,4.500,3.400,1.720,1.800,2.000
2003-11-01,Leeds,Arsenal,1,4,5.500,3.600,1.570,1.900,1.900
2003-11-01,Man United,Portsmouth,3,0,1.250,5.000,10.000,1.700,2.100
2003-11-01,Middlesbrough,Wolves,2,0,1.720,3.400,4.500,2.050,1.750
2003-11-01,Newcastle,Aston Villa,1,1,1.570,3.600,5.500,1.950,1.850
2003-11-01,Southampton,Man City,0,2,2.200,3.400,2.870,1.900,1.900
2003-11-01,Tottenham,Bolton,0,1,1.720,3.400,4.500,1.900,1.900
2003-11-02,Fulham,Liverpool,1,2,2.700,3.250,2.370,1.850,1.950
2003-11-02,Leicester,Blackburn,2,0,2.500,3.300,2.500,2.000,1.800
2003-11-03,Birmingham,Charlton,1,2,1.900,3.250,3.750,2.050,1.750
2003-11-08,Arsenal,Tottenham,2,1,1.400,3.750,8.500,1.750,2.050
2003-11-08,Aston Villa,Middlesbrough,0,2,2.000,3.250,3.400,2.150,1.660
2003-11-08,Bolton,Southampton,0,0,2.370,3.200,2.750,2.100,1.700
2003-11-08,Charlton,Fulham,3,1,2.250,3.250,2.870,1.850,1.950
2003-11-08,Portsmouth,Leeds,6,1,1.830,3.250,4.000,1.800,2.000
2003-11-08,Wolves,Birmingham,1,1,2.600,3.200,2.500,2.100,1.700
2003-11-09,Chelsea,Newcastle,5,0,1.610,3.600,5.000,1.750,2.050
2003-11-09,Liverpool,Man United,1,2,2.750,3.200,2.370,1.950,1.850
2003-11-09,Man City,Leicester,0,3,1.440,3.800,7.000,1.700,2.100
2003-11-10,Blackburn,Everton,2,1,2.250,3.250,2.870,1.950,1.850
2003-11-22,Birmingham,Arsenal,0,3,4.500,3.400,1.720,1.950,1.850
2003-11-22,Everton,Wolves,2,0,1.660,3.400,5.000,1.900,1.900
2003-11-22,Leeds,Bolton,0,2,2.200,3.200,3.000,1.900,1.900
2003-11-22,Leicester,Charlton,1,1,2.700,3.250,2.370,1.950,1.850
2003-11-22,Man United,Blackburn,2,1,1.250,5.000,10.000,1.700,2.100
2003-11-22,Middlesbrough,Liverpool,0,0,2.800,3.250,2.300,2.050,1.750
2003-11-22,Newcastle,Man City,3,0,1.800,3.400,4.000,1.800,2.000
2003-11-22,Southampton,Chelsea,0,1,4.500,3.400,1.720,1.850,1.950
2003-11-23,Tottenham,Aston Villa,2,1,1.900,3.250,3.750,2.050,1.750
2003-11-24,Fulham,Portsmouth,2,0,1.830,3.250,4.000,1.850,1.950
2003-11-29,Aston Villa,Southampton,1,0,2.250,3.250,2.870,2.150,1.660
2003-11-29,Blackburn,Tottenham,1,0,2.100,3.250,3.200,2.050,1.750
2003-11-29,Bolton,Everton,2,0,2.250,3.250,2.870,2.150,1.660
2003-11-29,Charlton,Leeds,0,1,1.610,3.400,5.500,1.800,2.000
2003-11-29,Portsmouth,Leicester,0,2,1.800,3.400,4.000,1.900,1.900
2003-11-29,Wolves,Newcastle,1,1,3.750,3.250,1.900,1.850,1.950
2003-11-30,Arsenal,Fulham,0,0,1.330,4.330,8.500,1.700,2.100
2003-11-30,Chelsea,Man United,1,0,2.370,3.250,2.700,1.950,1.850
2003-11-30,Liverpool,Birmingham,3,1,1.570,3.600,5.500,1.900,1.900
2003-11-30,Man City,Middlesbrough,0,1,1.900,3.250,3.750,1.950,1.850
2003-12-06,Birmingham,Blackburn,0,4,2.200,3.200,3.000,2.100,1.700
2003-12-06,Fulham,Bolton,2,1,1.800,3.200,4.330,1.900,1.900
2003-12-06,Leeds,Chelsea,1,1,6.500,3.600,1.500,1.950,1.850
2003-12-06,Leicester,Arsenal,1,1,6.500,3.400,1.530,1.700,2.100
2003-12-06,Man United,Aston Villa,4,0,1.280,4.500,10.000,1.800,2.000
2003-12-06,Middlesbrough,Portsmouth,0,0,1.720,3.400,4.500,2.100,1.700
2003-12-06,Newcastle,Liverpool,1,1,2.250,3.400,2.750,2.000,1.800
2003-12-06,Tottenham,Wolves,5,2,1.660,3.400,5.000,2.000,1.800
2003-12-07,Everton,Man City,0,0,2.300,3.400,2.700,2.000,1.800
2003-12-07,Southampton,Charlton,3,2,2.250,3.250,2.870,2.050,1.750
2003-12-13,Chelsea,Bolton,1,2,1.286,4.500,10.000,1.750,2.050
2003-12-13,Leicester,Birmingham,0,2,2.250,3.250,2.875,2.150,1.660
2003-12-13,Liverpool,Southampton,1,2,1.571,3.400,6.000,1.950,1.850
2003-12-13,Man United,Man City,3,1,1.400,3.750,8.500,1.800,2.000
2003-12-13,Middlesbrough,Charlton,0,0,2.100,3.250,3.200,2.100,1.700
2003-12-13,Newcastle,Tottenham,4,0,1.615,3.400,5.500,1.850,1.950
2003-12-13,Portsmouth,Everton,1,2,2.200,3.200,3.000,2.000,1.800
2003-12-14,Arsenal,Blackburn,1,0,1.364,4.333,7.500,1.750,2.050
2003-12-14,Aston Villa,Wolves,3,2,1.727,3.400,4.500,2.050,1.750
2003-12-14,Leeds,Fulham,3,2,2.500,3.200,2.600,1.950,1.850
2003-12-20,Blackburn,Aston Villa,0,2,1.909,3.300,4.000,2.050,1.750
2003-12-20,Bolton,Arsenal,1,1,5.000,3.600,1.667,1.850,1.950
2003-12-20,Charlton,Newcastle,0,0,2.875,3.300,2.375,1.900,1.900
2003-12-20,Everton,Leicester,3,2,1.800,3.400,4.000,2.050,1.750
2003-12-20,Fulham,Chelsea,0,1,4.500,3.400,1.800,1.950,1.850
2003-12-21,Southampton,Portsmouth,3,0,1.727,3.400,5.000,2.100,1.700
2003-12-21,Tottenham,Man United,1,2,5.500,3.600,1.615,1.800,2.000
2003-12-22,Man City,Leeds,1,1,1.909,3.300,4.000,1.900,1.900
2003-12-26,Arsenal,Wolves,3,0,1.167,6.500,15.000,1.610,2.250
2003-12-26,Birmingham,Man City,2,1,2.250,3.250,3.100,2.100,1.700
2003-12-26,Blackburn,Middlesbrough,2,2,2.250,3.250,3.100,2.050,1.750
2003-12-26,Charlton,Chelsea,4,2,5.500,3.400,1.667,2.000,1.800
2003-12-26,Fulham,Southampton,2,0,2.200,3.250,3.200,2.050,1.750
2003-12-26,Leeds,Aston Villa,0,0,2.300,3.250,3.000,2.000,1.800
2003-12-26,Leicester,Newcastle,1,1,3.250,3.400,2.100,1.900,1.900
2003-12-26,Liverpool,Bolton,3,1,1.667,3.600,5.000,1.900,1.900
2003-12-26,Man United,Everton,3,2,1.250,5.500,10.000,1.750,2.050
2003-12-26,Portsmouth,Tottenham,2,0,2.500,3.250,2.700,2.000,1.800
2003-12-28,Aston Villa,Fulham,3,0,2.200,3.250,3.200,2.000,1.800
2003-12-28,Bolton,Leicester,2,2,1.800,3.400,4.500,2.000,1.800
2003-12-28,Chelsea,Portsmouth,3,0,1.250,5.500,11.000,1.750,2.050
2003-12-28,Everton,Birmingham,1,0,2.100,3.250,3.400,2.100,1.700
2003-12-28,Man City,Liverpool,2,2,2.870,3.250,2.370,2.000,1.800
2003-12-28,Middlesbrough,Man United,0,1,5.000,3.600,1.660,1.950,1.850
2003-12-28,Newcastle,Blackburn,0,1,1.610,3.600,5.500,1.900,1.900
2003-12-28,Tottenham,Charlton,0,1,2.300,3.250,3.000,1.950,1.850
2003-12-28,Wolves,Leeds,3,1,2.620,3.250,2.600,1.950,1.850
2003-12-29,Southampton,Arsenal,0,1,4.500,3.600,1.720,1.900,1.900
2004-01-06,Aston Villa,Portsmouth,2,1,1.660,3.400,5.500,2.050,1.750
2004-01-07,Bolton,Man United,1,2,6.500,3.500,1.570,1.900,1.900
2004-01-07,Chelsea,Liverpool,0,1,1.800,3.400,4.500,2.050,1.750
2004-01-07,Everton,Arsenal,1,1,5.500,3.400,1.660,1.900,1.900
2004-01-07,Man City,Charlton,1,1,2.300,3.250,3.000,1.900,1.900
2004-01-07,Middlesbrough,Fulham,2,1,2.200,3.250,3.200,2.100,1.700
2004-01-07,Newcastle,Leeds,1,0,1.530,3.600,7.000,1.800,2.000
2004-01-07,Southampton,Leicester,0,0,1.800,3.400,4.500,2.000,1.800
2004-01-07,Tottenham,Birmingham,4,1,2.200,3.250,3.200,2.000,1.800
2004-01-07,Wolves,Blackburn,2,2,2.870,3.250,2.400,1.850,1.950
2004-01-10,Arsenal,Middlesbrough,4,1,1.280,5.000,10.000,1.850,1.950
2004-01-10,Birmingham,Southampton,2,1,2.100,3.250,3.400,2.150,1.660
2004-01-10,Blackburn,Bolton,3,4,2.100,3.250,3.400,2.000,1.800
2004-01-10,Charlton,Wolves,2,0,1.570,3.500,6.500,1.800,2.000
2004-01-10,Fulham,Everton,2,1,2.100,3.250,3.400,2.050,1.750
2004-01-10,Leeds,Tottenham,0,1,2.500,3.250,2.700,2.000,1.800
2004-01-10,Liverpool,Aston Villa,1,0,1.660,3.400,5.500,2.000,1.800
2004-01-10,Portsmouth,Man City,4,2,2.500,3.250,2.700,2.000,1.800
2004-01-11,Leicester,Chelsea,0,4,6.000,3.500,1.610,1.950,1.850
2004-01-11,Man United,Newcastle,0,0,1.440,4.000,7.500,1.800,2.000
2004-01-17,Bolton,Portsmouth,1,0,1.830,3.250,4.500,2.050,1.750
2004-01-17,Everton,Charlton,0,1,2.250,3.250,3.100,2.100,1.700
2004-01-17,Man City,Blackburn,1,1,2.100,3.250,3.400,1.850,1.950
2004-01-17,Middlesbrough,Leicester,3,3,1.720,3.300,5.000,2.150,1.660
2004-01-17,Southampton,Leeds,2,1,1.720,3.300,5.000,2.050,1.750
2004-01-17,Tottenham,Liverpool,2,1,2.870,3.250,2.370,1.950,1.850
2004-01-17,Wolves,Man United,1,0,8.500,4.500,1.360,1.750,2.050
2004-01-18,Aston Villa,Arsenal,0,2,5.500,3.400,1.660,2.000,1.800
2004-01-18,Chelsea,Birmingham,0,0,1.300,4.500,12.000,1.850,1.950
2004-01-19,Newcastle,Fulham,3,1,1.660,3.400,5.500,1.850,1.950
2004-01-21,Wolves,Liverpool,1,1,4.500,3.400,1.800,1.900,1.900
2004-01-31,Birmingham,Newcastle,1,1,2.700,3.250,2.500,2.050,1.750
2004-01-31,Charlton,Bolton,1,2,1.800,3.300,4.500,1.950,1.850
2004-01-31,Fulham,Tottenham,2,1,2.375,3.250,2.875,2.000,1.800
2004-01-31,Leeds,Middlesbrough,0,3,2.500,3.250,2.700,2.050,1.750
2004-01-31,Leicester,Aston Villa,0,5,2.500,3.250,2.700,2.050,1.750
2004-01-31,Liverpool,Everton,0,0,1.727,3.400,5.000,1.950,1.850
2004-01-31,Man United,Southampton,3,2,1.250,5.500,10.000,1.750,2.050
2004-01-31,Portsmouth,Wolves,0,0,1.909,3.250,4.000,1.900,1.900
2004-02-01,Arsenal,Man City,2,1,1.250,5.500,10.000,1.700,2.100
2004-02-01,Blackburn,Chelsea,2,3,4.500,3.300,1.800,1.900,1.900
2004-02-07,Aston Villa,Leeds,2,0,1.615,3.400,6.000,1.850,1.950
2004-02-07,Bolton,Liverpool,2,2,3.100,3.200,2.250,2.000,1.800
2004-02-07,Everton,Man United,3,4,5.500,3.600,1.615,1.900,1.900
2004-02-07,Middlesbrough,Blackburn,0,1,1.909,3.250,4.000,2.000,1.800
2004-02-07,Newcastle,Leicester,3,1,1.400,4.333,7.500,1.750,2.050
2004-02-07,Southampton,Fulham,0,0,2.100,3.250,3.400,2.050,1.750
2004-02-07,Tottenham,Portsmouth,4,3,1.667,3.400,5.500,1.950,1.850
2004-02-07,Wolves,Arsenal,1,3,9.000,4.000,1.400,1.850,1.950
2004-02-08,Chelsea,Charlton,1,0,1.364,4.333,9.000,1.850,1.950
2004-02-08,Man City,Birmingham,0,0,2.000,3.400,3.500,1.950,1.850
2004-02-10,Arsenal,Southampton,2,0,1.250,5.000,13.000,1.750,2.050
2004-02-10,Leeds,Wolves,4,1,2.100,3.250,3.400,2.000,1.800
2004-02-10,Leicester,Bolton,1,1,2.700,3.250,2.500,1.950,1.850
2004-02-11,Birmingham,Everton,3,0,2.100,3.250,3.400,2.050,1.750
2004-02-11,Blackburn,Newcastle,1,1,2.870,3.250,2.370,1.850,1.950
2004-02-11,Charlton,Tottenham,2,4,2.100,3.250,3.400,1.950,1.850
2004-02-11,Fulham,Aston Villa,1,2,2.200,3.250,3.200,2.000,1.800
2004-02-11,Liverpool,Man City,2,1,1.610,3.600,5.500,1.900,1.900
2004-02-11,Man United,Middlesbrough,2,3,1.250,5.500,11.000,1.750,2.050
2004-02-11,Portsmouth,Chelsea,0,2,5.500,3.600,1.610,1.850,1.950
2004-02-21,Bolton,Man City,1,3,2.200,3.250,3.200,1.950,1.850
2004-02-21,Charlton,Blackburn,3,2,2.200,3.250,3.200,1.950,1.850
2004-02-21,Chelsea,Arsenal,1,2,2.625,3.200,2.600,2.000,1.800
2004-02-21,Man United,Leeds,1,1,1.222,5.500,13.000,1.660,2.150
2004-02-21,Newcastle,Middlesbrough,2,1,1.727,3.400,5.000,1.950,1.850
2004-02-21,Southampton,Everton,3,3,2.000,3.200,3.750,2.100,1.700
2004-02-21,Wolves,Fulham,2,1,2.600,3.200,2.625,1.900,1.900
2004-02-22,Aston Villa,Birmingham,2,2,2.100,3.100,3.600,2.150,1.660
2004-02-22,Tottenham,Leicester,4,4,1.571,3.500,6.500,1.800,2.000
2004-02-28,Arsenal,Charlton,2,1,1.286,5.000,10.000,1.750,2.050
2004-02-28,Blackburn,Southampton,1,1,2.100,3.250,3.400,1.900,1.900
2004-02-28,Everton,Aston Villa,2,0,2.375,3.250,2.875,2.050,1.750
2004-02-28,Fulham,Man United,1,1,5.000,3.600,1.667,1.850,1.950
2004-02-28,Leicester,Wolves,0,0,2.200,3.250,3.200,1.950,1.850
2004-02-28,Man City,Chelsea,0,1,4.333,3.300,1.833,1.900,1.900
2004-02-29,Leeds,Liverpool,2,2,3.200,3.250,2.200,2.000,1.800
2004-02-29,Portsmouth,Newcastle,1,1,3.200,3.250,2.200,1.950,1.850
2004-03-03,Birmingham,Middlesbrough,3,1,2.100,3.250,3.400,,
2004-03-06,Birmingham,Bolton,2,0,2.100,3.250,3.200,2.000,1.800
2004-03-09,Middlesbrough,Tottenham,1,0,2.200,3.250,2.800,2.000,1.800
2004-03-13,Birmingham,Leicester,0,1,1.571,3.500,6.500,1.850,1.950
2004-03-13,Blackburn,Arsenal,0,2,6.500,3.750,1.533,1.800,2.000
2004-03-13,Bolton,Chelsea,0,2,4.500,3.600,1.727,1.900,1.900
2004-03-13,Charlton,Middlesbrough,1,0,2.200,3.250,3.200,2.000,1.800
2004-03-13,Everton,Portsmouth,1,0,1.727,3.400,5.000,2.000,1.800
2004-03-13,Fulham,Leeds,2,0,1.833,3.300,4.333,2.000,1.800
2004-03-14,Man City,Man United,4,1,4.000,3.250,1.909,1.850,1.950
2004-03-14,Southampton,Liverpool,2,0,2.875,3.250,2.375,2.000,1.800
2004-03-14,Tottenham,Newcastle,1,0,2.500,3.250,2.700,1.850,1.950
2004-03-14,Wolves,Aston Villa,0,4,2.700,3.250,2.500,2.000,1.800
2004-03-17,Liverpool,Portsmouth,3,0,1.440,4.000,7.500,1.950,1.850
2004-03-20,Arsenal,Bolton,2,1,1.222,5.500,13.000,1.750,2.050
2004-03-20,Aston Villa,Blackburn,0,2,1.800,3.400,4.500,1.950,1.850
2004-03-20,Chelsea,Fulham,2,1,1.444,4.000,7.500,1.900,1.900
2004-03-20,Leicester,Everton,1,1,2.500,3.250,2.700,2.000,1.800
2004-03-20,Liverpool,Wolves,1,0,1.364,4.333,9.000,1.900,1.900
2004-03-20,Man United,Tottenham,3,0,1.444,4.000,7.500,1.750,2.050
2004-03-20,Middlesbrough,Birmingham,5,3,2.200,3.200,3.250,2.150,1.660
2004-03-20,Newcastle,Charlton,3,1,1.727,3.400,5.000,2.000,1.800
2004-03-21,Portsmouth,Southampton,1,0,2.600,3.100,2.700,2.150,1.660
2004-03-22,Leeds,Man City,2,1,2.500,3.250,2.700,1.950,1.850
2004-03-27,Birmingham,Leeds,4,1,1.833,3.300,4.333,2.000,1.800
2004-03-27,Blackburn,Portsmouth,1,2,1.800,3.400,4.333,1.950,1.850
2004-03-27,Charlton,Aston Villa,1,2,2.200,3.250,3.200,1.950,1.850
2004-03-27,Chelsea,Wolves,5,2,1.250,5.000,13.000,1.800,2.000
2004-03-27,Everton,Middlesbrough,1,1,2.200,3.250,3.200,2.000,1.800
2004-03-27,Man City,Fulham,0,0,2.000,3.400,3.500,1.900,1.900
2004-03-27,Southampton,Tottenham,1,0,2.250,3.200,3.100,2.000,1.800
2004-03-28,Arsenal,Man United,1,1,2.100,3.250,3.400,1.900,1.900
2004-03-28,Bolton,Newcastle,1,0,2.875,3.250,2.375,2.000,1.800
2004-03-28,Leicester,Liverpool,0,0,3.400,3.250,2.100,1.950,1.850
2004-04-03,Fulham,Birmingham,0,0,2.250,3.200,3.100,2.050,1.750
2004-04-03,Middlesbrough,Bolton,2,0,1.909,3.250,4.000,2.050,1.750
2004-04-03,Newcastle,Everton,4,2,1.615,3.400,6.000,1.850,1.950
2004-04-17,Wolves,Middlesbrough,2,0,2.750,3.400,2.375,1.950,1.850
2004-04-18,Aston Villa,Newcastle,0,0,2.375,3.250,2.875,2.050,1.750
2004-04-20,Man United,Charlton,2,0,1.400,4.333,7.500,1.800,2.000
2004-04-24,Everton,Blackburn,0,1,2.200,3.250,3.200,1.950,1.850
2004-04-24,Fulham,Charlton,2,0,2.250,3.300,3.000,1.950,1.850
2004-04-24,Leicester,Man City,1,1,2.500,3.400,2.620,2.000,1.800
2004-04-24,Man United,Liverpool,0,1,1.800,3.300,4.500,2.000,1.800
2004-04-24,Middlesbrough,Aston Villa,1,2,2.300,3.250,3.000,2.000,1.800
2004-04-24,Southampton,Bolton,1,2,1.900,3.250,4.000,2.000,1.800
2004-04-25,Birmingham,Wolves,2,2,1.610,3.600,5.500,1.850,1.950
2004-04-25,Leeds,Portsmouth,1,2,2.100,3.250,3.400,1.950,1.850
2004-04-25,Newcastle,Chelsea,2,1,2.700,3.250,2.500,2.000,1.800
2004-04-25,Tottenham,Arsenal,2,2,5.500,3.400,1.660,1.850,1.950
2004-05-01,Arsenal,Birmingham,0,0,1.360,4.330,9.000,1.800,2.000
2004-05-01,Blackburn,Man United,1,0,3.750,3.500,1.900,1.850,1.950
2004-05-01,Charlton,Leicester,2,2,1.800,3.400,4.330,1.900,1.900
2004-05-01,Chelsea,Southampton,4,0,1.530,3.600,6.500,1.850,1.950
2004-05-01,Man City,Newcastle,1,0,2.620,3.400,2.500,2.000,1.800
2004-05-01,Portsmouth,Fulham,1,1,2.200,3.250,3.200,1.950,1.850
2004-05-01,Wolves,Everton,2,1,2.500,3.400,2.620,1.950,1.850
2004-05-02,Aston Villa,Tottenham,1,0,1.660,3.600,5.000,2.000,1.800
2004-05-02,Bolton,Leeds,4,1,2.250,3.500,2.870,1.900,1.900
2004-05-02,Liverpool,Middlesbrough,2,0,1.570,3.500,6.500,2.000,1.800
2004-05-04,Portsmouth,Arsenal,1,1,4.500,3.300,1.800,1.950,1.850
2004-05-08,Birmingham,Liverpool,0,3,3.400,3.250,2.100,2.000,1.800
2004-05-08,Everton,Bolton,1,2,2.250,3.300,3.000,1.950,1.850
2004-05-08,Leeds,Charlton,3,3,2.600,3.250,2.600,1.950,1.850
2004-05-08,Leicester,Portsmouth,3,1,2.400,3.400,2.750,2.000,1.800
2004-05-08,Man United,Chelsea,1,1,2.250,3.200,3.100,2.000,1.800
2004-05-08,Middlesbrough,Man City,2,1,2.100,3.250,3.400,2.000,1.800
2004-05-08,Southampton,Aston Villa,1,1,2.870,3.400,2.300,1.950,1.850
2004-05-08,Tottenham,Blackburn,1,0,2.300,3.400,2.870,1.850,1.950
